order_id,customer_id,sku,quantity,unit_price,order_date,channel
O000827,C0186,SKU0032,3,36.58,2025-05-28 00:00:00,wholesale
O001425,C0047,SKU0002,32,56.09,2025-02-08 00:00:00,ecommerce
O001056,C0117,SKU0010,48,60.25,2025-11-11 00:00:00,ecommerce
O000665,C0143,SKU0024,1,13.12,2024-05-24 00:00:00,retail
O001284,C0067,SKU0032,10,39.0,2026-01-14 00:00:00,ecommerce
O001221,C0032,SKU0043,2,72.89,2024-04-12 00:00:00,wholesale
O000817,C0121,SKU0014,9,53.18,2024-12-12 00:00:00,retail
O000941,C0097,SKU0024,48,34.78,2024-10-01 00:00:00,ecommerce
O000847,C0050,SKU0024,12,66.43,2025-03-24 00:00:00,ecommerce
O000247,C0187,SKU0037,42,39.77,2026-01-09 00:00:00,wholesale
O000368,C0018,SKU0025,34,41.84,2025-11-28 00:00:00,retail
O001408,C0041,SKU0050,34,43.92,2024-06-17 00:00:00,ecommerce
O001145,C0093,SKU0020,24,57.66,2025-07-01 00:00:00,ecommerce
O001130,C0090,SKU0016,2,53.98,2024-06-03 00:00:00,retail
O000143,C0124,SKU0033,22,12.45,2025-02-27 00:00:00,wholesale
O000146,C0137,SKU0056,28,65.93,2025-05-25 00:00:00,ecommerce
O000772,C0040,SKU0009,34,57.38,2025-04-08 00:00:00,wholesale
O000015,C0140,SKU0020,47,66.32,2025-09-07 00:00:00,retail
O000598,C0049,SKU0043,46,15.27,2024-11-11 00:00:00,wholesale
O001291,C0107,SKU0015,26,50.14,2024-06-09 00:00:00,ecommerce
O000526,C0102,SKU0032,38,14.32,2024-06-22 00:00:00,ecommerce
O001019,C0004,SKU0047,21,45.13,2025-08-30 00:00:00,retail
O000273,C0072,SKU0037,27,64.88,2025-02-15 00:00:00,ecommerce
O001216,C0047,SKU0025,2,20.05,2024-01-06 00:00:00,ecommerce
O000422,C0190,SKU0012,45,36.51,2025-10-28 00:00:00,retail
O001447,C0141,SKU0020,4,21.53,2024-05-03 00:00:00,wholesale
O001065,C0088,SKU0027,28,60.14,2024-05-11 00:00:00,wholesale
O000182,C0194,SKU0011,41,64.93,2024-10-30 00:00:00,ecommerce
O000626,C0153,SKU0020,25,30.89,2024-04-19 00:00:00,retail
O000456,C0188,SKU0022,23,71.05,2025-01-25 00:00:00,wholesale
O000793,C0199,SKU0007,2,19.25,2024-08-22 00:00:00,retail
O001462,C0074,SKU0025,21,24.4,2025-05-07 00:00:00,retail
O001077,C0085,SKU0037,24,49.46,2024-04-23 00:00:00,ecommerce
O000945,C0050,SKU0001,42,25.01,2024-03-09 00:00:00,wholesale
O000810,C0160,SKU0012,35,79.81,2024-06-02 00:00:00,retail
O000240,C0124,SKU0011,16,49.29,2026-01-08 00:00:00,wholesale
O000386,C0196,SKU0011,24,9.44,2024-09-18 00:00:00,ecommerce
O000046,C0162,SKU0032,47,19.12,2024-05-11 00:00:00,export
O001166,C0015,SKU0038,42,49.35,2024-09-02 00:00:00,ecommerce
O001343,C0137,SKU0011,24,67.51,2024-01-21 00:00:00,wholesale
O000989,C0060,SKU0049,12,53.79,2025-03-02 00:00:00,wholesale
O001183,C0086,SKU0022,23,18.24,2025-12-14 00:00:00,export
O000453,C0181,SKU0021,49,71.48,2024-08-31 00:00:00,ecommerce
O001437,C0097,SKU0005,24,28.64,2024-03-20 00:00:00,ecommerce
O000653,C0094,SKU0037,4,26.38,2024-05-18 00:00:00,ecommerce
O000432,C0190,SKU0010,13,22.93,2024-11-30 00:00:00,export
O001237,C0151,SKU0056,9,37.52,2024-01-21 00:00:00,wholesale
O000092,C0091,SKU0037,46,73.89,2024-05-06 00:00:00,export
O000458,C0038,SKU0028,32,38.63,2024-11-25 00:00:00,ecommerce
O001275,C0035,SKU0060,2,49.01,2024-01-19 00:00:00,retail
O001079,C0157,SKU0031,2,71.1,2025-03-25 00:00:00,ecommerce
O000200,C0097,SKU0035,22,14.64,2024-08-22 00:00:00,ecommerce
O001389,C0125,SKU0045,22,50.97,2025-06-16 00:00:00,export
O000242,C0009,SKU0037,6,,2026-01-20 00:00:00,retail
O000725,C0193,SKU0018,3,13.12,2024-09-18 00:00:00,export
O001082,C0031,SKU0001,5,69.1,2025-11-22 00:00:00,retail
O001143,C0170,SKU0041,22,11.82,2024-02-18 00:00:00,ecommerce
O001234,C0053,SKU0022,33,65.91,2024-05-26 00:00:00,wholesale
O000668,C0159,SKU0013,17,45.71,2025-03-29 00:00:00,wholesale
O000070,C0021,SKU0023,26,73.12,2026-01-28 00:00:00,ecommerce
O001320,C0170,SKU0049,26,44.56,2024-03-14 00:00:00,export
O000740,C0155,SKU0029,35,60.73,2025-08-19 00:00:00,retail
O000904,C0136,SKU0029,32,20.98,2024-12-08 00:00:00,ecommerce
O001454,C0102,SKU0034,48,50.85,2024-02-20 00:00:00,retail
O001106,C0060,SKU0023,48,31.87,2024-09-05 00:00:00,retail
O001481,C0158,SKU0003,45,70.84,2024-08-17 00:00:00,wholesale
O000144,C0008,SKU0026,2,67.19,2025-05-09 00:00:00,ecommerce
O001132,C0082,SKU0028,30,15.87,2025-02-17 00:00:00,ecommerce
O001015,C0013,SKU0012,6,21.52,2025-10-31 00:00:00,export
O000766,C0150,SKU0009,10,76.85,2025-11-07 00:00:00,ecommerce
O000388,C0044,SKU0050,16,59.66,2024-11-16 00:00:00,ecommerce
O000679,C0026,SKU0019,13,58.89,2025-02-04 00:00:00,export
O001493,C0109,SKU0006,31,31.96,2024-02-29 00:00:00,export
O000986,C0150,SKU0024,7,67.65,2025-12-02 00:00:00,ecommerce
O001028,C0029,SKU0057,5,14.1,2025-12-03 00:00:00,export
O000601,C0037,SKU0013,22,21.42,2025-09-19 00:00:00,ecommerce
O000370,C0016,SKU0050,29,56.67,2025-01-13 00:00:00,ecommerce
O000667,C0040,SKU0020,33,22.93,2024-02-09 00:00:00,retail
O000482,C0046,SKU0057,30,13.5,2024-10-19 00:00:00,retail
O000138,C0185,SKU0016,43,15.66,2024-07-04 00:00:00,ecommerce
O001200,C0031,SKU0040,8,60.35,2024-08-08 00:00:00,ecommerce
O000465,C0007,SKU0052,20,76.18,2024-08-11 00:00:00,retail
O000072,C0174,SKU0032,13,78.08,2025-08-11 00:00:00,export
O001339,C0119,SKU0055,27,29.55,2025-07-23 00:00:00,export
O001112,C0111,SKU0020,24,58.39,2025-10-17 00:00:00,wholesale
O000477,C0195,SKU0036,41,18.32,2024-02-06 00:00:00,ecommerce
O000874,C0106,SKU0046,25,,2025-07-14 00:00:00,retail
O000488,C0197,SKU0009,3,14.29,2024-06-06 00:00:00,ecommerce
O000069,C0197,SKU0001,28,44.28,2024-02-28 00:00:00,ecommerce
O000059,C0162,SKU0025,11,47.83,2025-06-24 00:00:00,wholesale
O001179,C0103,SKU0022,34,30.07,2025-12-28 00:00:00,wholesale
O000281,C0074,SKU0022,16,66.88,2024-02-11 00:00:00,export
O000404,C0040,SKU0036,14,30.4,2025-11-23 00:00:00,ecommerce
O001164,C0148,SKU0033,30,71.51,2025-10-12 00:00:00,wholesale
O000862,C0026,SKU0006,49,72.26,2025-02-17 00:00:00,ecommerce
O001317,C0162,SKU0011,26,49.69,2025-03-10 00:00:00,retail
O001095,C0177,SKU0019,23,73.72,2025-09-22 00:00:00,ecommerce
O001174,C0099,SKU0056,11,66.38,2024-09-11 00:00:00,retail
O000419,C0131,SKU0016,10,42.17,2024-05-15 00:00:00,retail
O000659,C0153,SKU0002,4,46.72,2024-04-10 00:00:00,wholesale
O000863,C0025,SKU0010,24,57.79,2025-01-31 00:00:00,retail
O000319,C0035,SKU0041,16,17.9,2025-04-10 00:00:00,ecommerce
O001102,C0138,SKU0015,25,23.22,2025-05-20 00:00:00,export
O000366,C0079,SKU0034,29,58.85,2024-10-25 00:00:00,wholesale
O000580,C0111,SKU0021,13,38.22,2024-12-12 00:00:00,wholesale
O001169,C0134,SKU0049,5,73.98,2025-06-20 00:00:00,wholesale
O000782,C0139,SKU0001,3,23.24,2024-12-22 00:00:00,ecommerce
O001089,C0191,SKU0009,7,64.92,2025-06-14 00:00:00,ecommerce
O000569,C0158,SKU0043,42,58.66,2024-12-14 00:00:00,wholesale
O001417,C0102,SKU0041,40,23.6,2025-07-22 00:00:00,ecommerce
O000274,C0086,SKU0002,1,44.9,2025-09-03 00:00:00,ecommerce
O000334,C0142,SKU0003,28,27.49,2024-10-29 00:00:00,retail
O000480,C0119,SKU0006,5,45.58,2024-03-26 00:00:00,export
O000403,C0030,SKU0021,33,52.65,2025-11-09 00:00:00,wholesale
O000471,C0020,SKU0036,11,27.72,2026-01-20 00:00:00,retail
O000926,C0198,SKU0033,21,8.16,2025-11-07 00:00:00,export
O000985,C0045,SKU0052,1,25.12,2025-09-23 00:00:00,ecommerce
O000227,C0189,SKU0025,23,42.21,2024-12-17 00:00:00,ecommerce
O000102,C0065,SKU0056,49,11.2,2026-01-24 00:00:00,export
O001446,C0016,SKU0014,39,53.48,2025-02-01 00:00:00,export
O000961,C0065,SKU0023,15,55.55,2024-04-29 00:00:00,ecommerce
O000306,C0032,SKU0056,5,37.9,2025-10-15 00:00:00,ecommerce
O000554,C0040,SKU0053,12,25.39,2025-04-17 00:00:00,export
O000780,C0129,SKU0010,5,66.1,2025-12-13 00:00:00,ecommerce
O000565,C0168,SKU0003,21,76.65,2024-08-01 00:00:00,ecommerce
O001041,C0027,SKU0016,1,42.67,2025-04-12 00:00:00,ecommerce
O000860,C0152,SKU0046,35,55.23,2025-04-14 00:00:00,ecommerce
O001272,C0110,SKU0018,23,39.57,2025-05-12 00:00:00,wholesale
O000312,C0114,SKU0047,31,9.45,2025-05-31 00:00:00,ecommerce
O000337,C0026,SKU0028,43,52.95,2025-02-22 00:00:00,ecommerce
O001098,C0062,SKU0027,36,24.95,2025-05-23 00:00:00,ecommerce
O000287,C0041,SKU0056,21,77.25,2025-12-10 00:00:00,retail
O000324,C0038,SKU0037,19,38.8,2025-10-11 00:00:00,ecommerce
O000066,C0065,SKU0024,18,52.83,2024-10-05 00:00:00,retail
O001116,C0123,SKU0033,47,15.66,2025-05-23 00:00:00,wholesale
O000917,C0032,SKU0038,16,19.77,2025-07-02 00:00:00,ecommerce
O000264,C0195,SKU0023,6,26.84,2026-01-15 00:00:00,retail
O001157,C0186,SKU0040,48,41.39,2026-01-03 00:00:00,retail
O000473,C0103,SKU0007,30,14.51,2024-07-20 00:00:00,retail
O001283,C0162,SKU0042,26,13.4,2024-03-31 00:00:00,retail
O000912,C0193,SKU0035,8,41.72,2025-10-28 00:00:00,wholesale
O000999,C0082,SKU0012,35,69.23,2025-04-30 00:00:00,retail
O000845,C0123,SKU0021,4,9.8,2024-09-27 00:00:00,wholesale
O000979,C0072,SKU0057,7,28.06,2025-09-14 00:00:00,ecommerce
O000158,C0094,SKU0027,34,29.41,2025-10-05 00:00:00,retail
O000721,C0200,SKU0029,35,16.17,2026-01-19 00:00:00,retail
O000924,C0095,SKU0038,46,46.5,2025-12-17 00:00:00,retail
O001299,C0197,SKU0060,12,9.21,2025-06-03 00:00:00,export
O001428,C0111,SKU0054,46,36.06,2025-04-03 00:00:00,ecommerce
O000581,C0166,SKU0043,19,20.59,2026-01-07 00:00:00,export
O000543,C0045,SKU0027,26,36.28,2024-01-16 00:00:00,retail
O000788,C0081,SKU0060,42,8.53,2024-10-27 00:00:00,export
O001277,C0116,SKU0036,7,59.08,2024-01-25 00:00:00,ecommerce
O001175,C0112,SKU0023,4,32.5,2025-09-08 00:00:00,wholesale
O000047,C0185,SKU0017,25,29.86,2025-07-10 00:00:00,retail
O000791,C0015,SKU0021,4,17.34,2024-09-10 00:00:00,export
O000736,C0051,SKU0050,15,48.08,2025-07-19 00:00:00,export
O000822,C0028,SKU0054,7,8.22,2025-01-01 00:00:00,wholesale
O000594,C0090,SKU0018,32,46.83,2025-04-02 00:00:00,wholesale
O000198,C0163,SKU0052,22,10.8,2024-12-07 00:00:00,retail
O000249,C0090,SKU0016,32,21.61,2025-04-30 00:00:00,ecommerce
O000174,C0033,SKU0002,37,23.21,2024-09-16 00:00:00,wholesale
O000284,C0192,SKU0031,27,58.72,2024-02-07 00:00:00,wholesale
O000872,C0176,SKU0038,-9,61.62,2025-03-21 00:00:00,retail
O000641,C0167,SKU0001,9,44.74,2025-03-16 00:00:00,ecommerce
O000886,C0048,SKU0058,4,72.53,2024-06-06 00:00:00,retail
O001298,C0152,SKU0046,35,43.36,2025-08-23 00:00:00,retail
O000561,C0146,SKU0036,6,40.3,2025-06-07 00:00:00,ecommerce
O001168,C0104,SKU0042,20,57.4,2025-02-18 00:00:00,retail
O001300,C0111,SKU0035,48,27.74,2025-09-26 00:00:00,export
O000602,C0036,SKU0019,22,23.79,2024-02-29 00:00:00,wholesale
O001363,C0149,SKU0019,17,76.37,2024-06-02 00:00:00,wholesale
O001478,C0076,SKU0018,35,53.12,2025-03-22 00:00:00,wholesale
O000814,C0161,SKU0034,10,47.85,2025-02-01 00:00:00,retail
O001335,C0026,SKU0019,39,37.81,2024-03-16 00:00:00,wholesale
O001205,C0081,SKU0044,23,42.45,2024-10-03 00:00:00,ecommerce
O000364,C0073,SKU0022,3,65.91,2025-03-29 00:00:00,wholesale
O000689,C0199,SKU0050,23,17.17,2025-06-30 00:00:00,wholesale
O000401,C0187,SKU0016,49,45.67,2025-03-03 00:00:00,wholesale
O000205,C0146,SKU0026,19,11.41,2024-11-12 00:00:00,ecommerce
O000836,C0033,SKU0041,49,68.48,2025-08-05 00:00:00,wholesale
O000115,C0173,SKU0006,17,25.75,2024-12-31 00:00:00,ecommerce
O000910,C0160,SKU0025,5,9.4,2025-10-10 00:00:00,ecommerce
O001436,C0123,SKU0059,23,59.6,2025-07-31 00:00:00,wholesale
O000994,C0156,SKU0037,16,63.86,2025-08-28 00:00:00,ecommerce
O001261,C0090,SKU0036,1,42.74,2025-03-14 00:00:00,wholesale
O000923,C0132,SKU0048,26,63.82,2024-01-28 00:00:00,wholesale
O000018,C0022,SKU0027,36,77.05,2025-11-06 00:00:00,ecommerce
O000777,C0149,SKU0006,12,62.5,2024-01-08 00:00:00,retail
O000466,C0102,SKU0016,41,15.63,2024-02-01 00:00:00,ecommerce
O001332,C0161,SKU0007,25,37.61,2024-11-28 00:00:00,wholesale
O000493,C0057,SKU0053,11,13.17,2024-06-24 00:00:00,export
O000787,C0131,SKU0011,28,58.4,2024-10-03 00:00:00,ecommerce
O000848,C0170,SKU0015,5,17.17,2024-02-24 00:00:00,wholesale
O000843,C0079,SKU0056,4,13.06,2025-04-12 00:00:00,ecommerce
O000884,C0024,SKU0042,3,60.1,2025-08-11 00:00:00,retail
O000749,C0115,SKU0050,38,67.62,2025-10-18 00:00:00,retail
O001455,C0109,SKU0032,40,64.38,2024-10-03 00:00:00,wholesale
O000583,C0030,SKU0019,8,37.28,2025-11-23 00:00:00,ecommerce
O000795,C0018,SKU0051,1,23.58,2024-02-05 00:00:00,retail
O000034,C0200,SKU0042,26,15.82,2024-03-29 00:00:00,wholesale
O001227,C0162,SKU0028,28,18.7,2025-04-05 00:00:00,wholesale
O000331,C0135,SKU0059,20,10.24,2025-06-24 00:00:00,ecommerce
O001097,C0042,SKU0001,31,71.62,2024-09-04 00:00:00,retail
O000362,C0078,SKU0010,34,51.48,2025-06-18 00:00:00,export
O001334,C0179,SKU0014,5,20.88,2025-08-13 00:00:00,retail
O000355,C0088,SKU0004,39,58.79,2025-02-11 00:00:00,retail
O000231,C0087,SKU0030,10,39.06,2025-01-21 00:00:00,ecommerce
O001357,C0112,SKU0035,25,63.83,2025-02-19 00:00:00,retail
O000742,C0076,SKU0054,33,12.84,2025-03-10 00:00:00,ecommerce
O001054,C0166,SKU0013,7,78.56,2024-12-08 00:00:00,wholesale
O001204,C0034,SKU0018,25,36.82,2025-03-22 00:00:00,retail
O000800,C0094,SKU0022,49,13.39,2024-07-04 00:00:00,ecommerce
O000342,C0189,SKU0026,34,28.9,2024-03-05 00:00:00,wholesale
O001310,C0056,SKU0048,6,11.32,2025-09-02 00:00:00,wholesale
O000357,C0153,SKU0029,28,28.4,2024-03-31 00:00:00,ecommerce
O000929,C0120,SKU0047,12,20.98,2024-09-07 00:00:00,ecommerce
O000811,C0043,SKU0031,8,33.22,2026-01-13 00:00:00,wholesale
O001085,C0160,SKU0055,42,13.69,2024-05-24 00:00:00,wholesale
O001039,C0059,SKU0053,15,30.83,2024-02-25 00:00:00,wholesale
O000437,C0025,SKU0046,33,73.52,2025-03-24 00:00:00,retail
O000094,C0114,SKU0046,19,36.11,2025-09-29 00:00:00,retail
O001124,C0135,SKU0018,36,17.79,2024-08-04 00:00:00,wholesale
O000288,C0142,SKU0019,2,14.12,2025-05-29 00:00:00,export
O000738,C0156,SKU0004,13,78.29,2025-07-11 00:00:00,ecommerce
O000308,C0107,SKU0006,48,9.12,2024-01-04 00:00:00,wholesale
O001418,C0003,SKU0032,28,16.68,2025-02-23 00:00:00,ecommerce
O001241,C0022,SKU0019,43,25.04,2025-10-30 00:00:00,ecommerce
O000664,C0022,SKU0016,43,73.35,2025-09-29 00:00:00,export
O000162,C0158,SKU0052,47,30.87,2025-08-08 00:00:00,ecommerce
O001304,C0064,SKU0018,37,21.5,2024-11-13 00:00:00,retail
O000915,C0163,SKU0021,27,35.04,2025-02-11 00:00:00,retail
O001308,C0132,SKU0044,4,39.45,2025-07-24 00:00:00,ecommerce
O000789,C0049,SKU0017,28,33.59,2025-08-08 00:00:00,export
O000113,C0194,SKU0048,37,8.29,2024-02-01 00:00:00,wholesale
O000527,C0010,SKU0008,33,59.93,2025-07-20 00:00:00,wholesale
O000110,C0034,SKU0033,18,44.09,2024-03-01 00:00:00,ecommerce
O001091,C0130,SKU0020,2,78.65,2024-12-19 00:00:00,ecommerce
O000536,C0027,SKU0042,15,42.56,2025-06-26 00:00:00,export
O000189,C0187,SKU0025,25,20.31,2024-01-07 00:00:00,wholesale
O001096,C0154,SKU0031,18,54.35,2024-03-10 00:00:00,ecommerce
O000709,C0148,SKU0043,16,66.05,2024-05-01 00:00:00,ecommerce
O000454,C0034,SKU0019,9,23.1,2025-12-28 00:00:00,retail
O000406,C0114,SKU0049,21,17.61,2025-02-07 00:00:00,retail
O001032,C0181,SKU0032,28,60.8,2025-07-07 00:00:00,retail
O001477,C0132,SKU0043,17,52.73,2024-12-27 00:00:00,export
O001498,C0135,SKU0051,1,8.5,2024-09-01 00:00:00,ecommerce
O000730,C0053,SKU0031,32,32.08,2025-10-31 00:00:00,ecommerce
O000683,C0165,SKU0045,41,48.0,2025-02-09 00:00:00,export
O001186,C0020,SKU0027,18,13.58,2025-07-21 00:00:00,wholesale
O001004,C0143,SKU0054,6,42.48,2025-12-04 00:00:00,wholesale
O001380,C0156,SKU0010,49,58.1,2024-03-06 00:00:00,export
O000019,C0011,SKU0049,27,,2024-04-07 00:00:00,wholesale
O001402,C0036,SKU0060,18,57.82,2026-01-13 00:00:00,retail
O000184,C0193,SKU0041,34,31.19,2025-11-30 00:00:00,ecommerce
O000950,C0122,SKU0036,1,71.21,2024-05-04 00:00:00,ecommerce
O001323,C0104,SKU0005,3,9.15,2024-08-22 00:00:00,wholesale
O000650,C0004,SKU0046,9,10.41,2025-02-12 00:00:00,retail
O001055,C0147,SKU0022,46,26.16,2024-08-08 00:00:00,ecommerce
O000371,C0114,SKU0058,24,32.75,2024-09-19 00:00:00,export
O000697,C0150,SKU0042,9,43.51,2024-01-27 00:00:00,export
O000858,C0124,SKU0012,33,21.17,2025-10-06 00:00:00,export
O001024,C0070,SKU0017,2,39.05,2025-04-26 00:00:00,ecommerce
O001067,C0188,SKU0058,9,58.67,2024-10-02 00:00:00,export
O000279,C0041,SKU0036,16,77.21,2024-06-30 00:00:00,export
O000269,C0199,SKU0021,8,31.54,2025-05-10 00:00:00,wholesale
O001314,C0011,SKU0051,32,37.42,2025-11-11 00:00:00,retail
O000257,C0103,SKU0050,44,22.42,2026-01-04 00:00:00,retail
O000213,C0026,SKU0058,36,19.02,2025-09-03 00:00:00,ecommerce
O000260,C0081,SKU0017,1,40.45,2026-01-20 00:00:00,ecommerce
O000574,C0055,SKU0039,19,28.25,2025-10-13 00:00:00,retail
O001099,C0151,SKU0032,36,43.77,2024-04-10 00:00:00,ecommerce
O001218,C0182,SKU0041,6,65.14,2024-09-13 00:00:00,ecommerce
O000236,C0134,SKU0032,21,59.09,2025-02-25 00:00:00,ecommerce
O000353,C0044,SKU0045,14,44.6,2025-08-13 00:00:00,ecommerce
O001340,C0181,SKU0024,26,57.12,2025-09-19 00:00:00,wholesale
O001222,C0152,SKU0046,17,48.82,2025-10-01 00:00:00,ecommerce
O000783,C0027,SKU0007,14,11.03,2024-02-21 00:00:00,ecommerce
O000022,C0124,SKU0040,4,74.16,2025-01-18 00:00:00,ecommerce
O001068,C0143,SKU0055,24,79.29,2025-12-23 00:00:00,retail
O000958,C0045,SKU0052,40,68.64,2024-01-23 00:00:00,ecommerce
O000660,C0111,SKU0025,40,39.54,2024-08-12 00:00:00,wholesale
O000916,C0184,SKU0040,38,71.0,2025-02-08 00:00:00,ecommerce
O001239,C0002,SKU0032,14,73.96,2024-11-01 00:00:00,wholesale
O000071,C0160,SKU0051,-6,21.28,2024-12-08 00:00:00,ecommerce
O001359,C0185,SKU0018,14,60.66,2025-03-23 00:00:00,export
O000771,C0035,SKU0035,31,66.82,2024-09-22 00:00:00,export
O001416,C0191,SKU0042,34,57.14,2025-03-07 00:00:00,retail
O001149,C0193,SKU0044,43,8.07,2024-12-01 00:00:00,ecommerce
O000021,C0092,SKU0016,6,77.93,2025-13-40,retail
O000906,C0105,SKU0035,20,19.3,2024-07-05 00:00:00,wholesale
O000997,C0160,SKU0012,47,46.42,2024-02-11 00:00:00,wholesale
O001115,C0090,SKU0034,7,23.68,2025-11-26 00:00:00,ecommerce
O000790,C0185,SKU0003,3,52.32,2024-04-09 00:00:00,wholesale
O001322,C0032,SKU0045,45,38.82,2024-04-26 00:00:00,retail
O000350,C0109,SKU0026,42,54.99,2026-01-31 00:00:00,export
O000700,C0190,SKU0044,42,47.77,2025-01-31 00:00:00,wholesale
O000129,C0021,SKU0018,29,27.98,2024-05-28 00:00:00,ecommerce
O000828,C0045,SKU0034,4,67.35,2025-01-12 00:00:00,retail
O000085,C0161,SKU0006,38,26.48,2025-05-29 00:00:00,ecommerce
O001203,C0194,SKU0050,35,56.14,2024-12-17 00:00:00,wholesale
O000333,C0026,SKU0052,20,47.24,2024-12-08 00:00:00,ecommerce
O000497,C0161,SKU0051,46,79.73,2024-08-08 00:00:00,retail
O000737,C0156,SKU0057,34,26.42,2025-05-12 00:00:00,ecommerce
O000309,C0014,SKU0056,20,22.88,2025-13-40,retail
O001016,C0129,SKU0003,48,62.45,2024-02-17 00:00:00,retail
O000489,C0004,SKU0052,48,39.75,2026-01-14 00:00:00,ecommerce
O000756,C0042,SKU0028,8,22.1,2025-07-20 00:00:00,export
O001400,C0083,SKU0053,2,39.83,2025-10-28 00:00:00,ecommerce
O001337,C0110,SKU0042,49,73.45,2024-09-14 00:00:00,ecommerce
O001147,C0008,SKU0029,10,23.91,2025-01-30 00:00:00,wholesale
O000008,C0123,SKU0018,11,37.81,2024-11-24 00:00:00,ecommerce
O001494,C0031,SKU0035,25,53.58,2024-04-12 00:00:00,ecommerce
O001224,C0170,SKU0002,25,32.82,2024-04-15 00:00:00,wholesale
O000463,C0107,SKU0034,46,50.72,2025-07-17 00:00:00,wholesale
O000619,C0141,SKU0013,41,67.6,2024-04-04 00:00:00,retail
O001002,C0192,SKU0056,15,27.54,2024-06-10 00:00:00,wholesale
O000412,C0126,SKU0016,47,34.95,2025-05-12 00:00:00,wholesale
O000103,C0195,SKU0059,40,79.83,2025-05-11 00:00:00,wholesale
O001252,C0106,SKU0050,7,13.15,2024-07-25 00:00:00,ecommerce
O000944,C0061,SKU0014,8,67.67,2025-12-26 00:00:00,ecommerce
O000720,C0136,SKU0015,48,40.35,2025-10-16 00:00:00,export
O000048,C0035,SKU0017,22,71.99,2024-08-27 00:00:00,ecommerce
O001362,C0072,SKU0029,20,14.25,2025-07-27 00:00:00,ecommerce
O000186,C0172,SKU0016,32,28.03,2025-04-25 00:00:00,wholesale
O000172,C0055,SKU0019,40,25.31,2025-10-09 00:00:00,retail
O000530,C0092,SKU0048,6,30.67,2025-12-09 00:00:00,wholesale
O000797,C0194,SKU0021,30,51.54,2024-01-19 00:00:00,wholesale
O000969,C0164,SKU0023,23,37.86,2026-01-09 00:00:00,ecommerce
O000803,C0035,SKU0019,14,37.01,2024-12-26 00:00:00,retail
O000062,C0117,SKU0015,3,29.06,2025-04-02 00:00:00,retail
O000625,C0108,SKU0006,43,70.29,2025-08-14 00:00:00,retail
O000503,C0181,SKU0040,43,9.02,2024-03-25 00:00:00,ecommerce
O001188,C0001,SKU0021,26,75.98,2025-08-05 00:00:00,ecommerce
O001443,C0133,SKU0002,36,19.07,2025-07-29 00:00:00,wholesale
O000286,C0009,SKU0032,11,62.58,2024-03-24 00:00:00,ecommerce
O000195,C0024,SKU0040,10,76.56,2025-04-08 00:00:00,wholesale
O001475,C0190,SKU0054,14,30.91,2024-09-16 00:00:00,retail
O000692,C0060,SKU0035,27,74.15,2024-11-15 00:00:00,wholesale
O000933,C0020,SKU0051,49,35.31,2024-12-10 00:00:00,ecommerce
O000558,C0106,SKU0037,37,76.37,2025-03-09 00:00:00,ecommerce
O001027,C0026,SKU0036,5,25.66,2024-04-26 00:00:00,export
O000485,C0123,SKU0025,37,18.04,2025-11-15 00:00:00,wholesale
O001156,C0186,SKU0001,1,30.32,2025-10-28 00:00:00,export
O000815,C0128,SKU0037,17,32.79,2024-02-13 00:00:00,retail
O000774,C0083,SKU0042,47,38.45,2025-03-18 00:00:00,wholesale
O001391,C0139,SKU0011,22,32.5,2025-10-12 00:00:00,retail
O001349,C0029,SKU0037,4,38.6,2025-02-25 00:00:00,export
O000399,C0072,SKU0023,7,55.76,2024-10-21 00:00:00,wholesale
O001248,C0187,SKU0012,35,23.08,2024-04-15 00:00:00,retail
O000418,C0124,SKU0057,39,44.81,2024-09-02 00:00:00,ecommerce
O000732,C0086,SKU0060,10,23.73,2024-10-15 00:00:00,retail
O000520,C0075,SKU0023,12,74.94,2024-07-03 00:00:00,wholesale
O000128,C0120,SKU0059,17,52.77,2024-08-10 00:00:00,retail
O001140,C0149,SKU0045,27,31.47,2024-07-13 00:00:00,retail
O000728,C0193,SKU0030,17,21.08,2025-07-12 00:00:00,retail
O000170,C0114,SKU0012,11,72.08,2025-03-23 00:00:00,ecommerce
O000120,C0152,SKU0028,4,52.28,2024-05-17 00:00:00,retail
O001240,C0199,SKU0030,29,32.71,2025-04-17 00:00:00,retail
O001128,C0015,SKU0002,4,23.51,2025-11-24 00:00:00,ecommerce
O000908,C0038,SKU0003,28,65.46,2025-06-25 00:00:00,retail
O001162,C0121,SKU0050,40,38.0,2025-12-14 00:00:00,wholesale
O000509,C0155,SKU0019,7,33.71,2024-11-08 00:00:00,wholesale
O000585,C0085,SKU0042,7,49.33,2024-03-01 00:00:00,retail
O000947,C0042,SKU0054,13,29.73,2025-09-27 00:00:00,retail
O000201,C0049,SKU0016,38,47.06,2024-04-18 00:00:00,retail
O000718,C0029,SKU0052,10,58.35,2024-06-01 00:00:00,retail
O000250,C0028,SKU0003,28,69.67,2024-09-21 00:00:00,ecommerce
O000316,C0090,SKU0040,19,75.37,2024-11-01 00:00:00,ecommerce
O000147,C0183,SKU0044,26,46.48,2025-08-28 00:00:00,retail
O000420,C0173,SKU0054,8,70.31,2024-04-28 00:00:00,ecommerce
O000729,C0113,SKU0002,35,9.01,2025-05-06 00:00:00,ecommerce
O001155,C0145,SKU0023,17,23.49,2025-06-18 00:00:00,ecommerce
O001439,C0128,SKU0019,18,53.34,2024-09-22 00:00:00,wholesale
O000142,C0001,SKU0006,2,50.41,2025-04-30 00:00:00,export
O000696,C0040,SKU0011,43,13.01,2024-01-10 00:00:00,retail
O000478,C0014,SKU0040,14,76.68,2024-02-08 00:00:00,retail
O001382,C0163,SKU0035,13,45.39,2024-05-14 00:00:00,ecommerce
O000356,C0141,SKU0026,49,25.01,2024-04-14 00:00:00,retail
O001217,C0050,SKU0051,26,32.94,2024-01-30 00:00:00,retail
O000336,C0167,SKU0027,35,75.36,2024-07-28 00:00:00,wholesale
O000068,C0039,SKU0049,32,59.2,2025-12-31 00:00:00,ecommerce
O001366,C0010,SKU0031,26,9.67,2025-07-25 00:00:00,wholesale
O001472,C0147,SKU0024,46,24.97,2025-12-13 00:00:00,wholesale
O001052,C0027,SKU0033,47,33.6,2024-01-31 00:00:00,wholesale
O000083,C0076,SKU0045,16,35.87,2024-09-11 00:00:00,ecommerce
O000326,C0058,SKU0052,32,57.38,2024-09-22 00:00:00,wholesale
O000892,C0117,SKU0027,8,68.63,2025-11-13 00:00:00,wholesale
O001212,C0083,SKU0057,38,17.64,2025-10-17 00:00:00,ecommerce
O000016,C0020,SKU0051,12,57.06,2025-07-15 00:00:00,retail
O000159,C0091,SKU0008,30,23.13,2024-09-09 00:00:00,ecommerce
O000102,C0065,SKU0056,49,11.2,2026-01-24 00:00:00,export
O000802,C0041,SKU0001,4,66.29,2024-03-16 00:00:00,retail
O000735,C0140,SKU0035,14,20.7,2024-03-08 00:00:00,ecommerce
O000506,C0128,SKU0012,24,32.46,2025-01-08 00:00:00,ecommerce
O000550,C0192,SKU0031,5,17.74,2024-01-24 00:00:00,wholesale
O000573,C0078,SKU0046,32,64.82,2026-01-28 00:00:00,ecommerce
O001151,C0109,SKU0028,5,10.81,2025-02-18 00:00:00,retail
O001492,C0198,SKU0043,11,30.12,2024-05-14 00:00:00,export
O001166,C0015,SKU0038,42,49.35,2024-09-02 00:00:00,ecommerce
O000757,C0180,SKU0026,46,65.61,2024-12-13 00:00:00,export
O001333,C0126,SKU0046,36,36.96,2025-10-10 00:00:00,ecommerce
O000557,C0066,SKU0056,18,59.66,2024-03-08 00:00:00,wholesale
O000673,C0134,SKU0026,38,25.92,2025-10-01 00:00:00,retail
O000100,C0111,SKU0038,37,66.03,2025-10-01 00:00:00,ecommerce
O000329,C0040,SKU0046,30,53.2,2025-11-18 00:00:00,retail
O000449,C0162,SKU0036,42,21.37,2024-08-31 00:00:00,retail
O001165,C0025,SKU0010,10,15.73,2024-09-07 00:00:00,ecommerce
O000084,C0186,SKU0007,11,67.05,2024-01-09 00:00:00,wholesale
O000003,C0106,SKU0025,43,66.78,2024-07-06 00:00:00,ecommerce
O000808,C0058,SKU0016,37,41.97,2024-07-30 00:00:00,wholesale
O001038,C0034,SKU0026,35,63.48,2025-04-01 00:00:00,wholesale
O001078,C0160,SKU0039,2,29.85,2025-07-02 00:00:00,export
O001414,C0185,SKU0053,41,71.32,2025-07-13 00:00:00,export
O001043,C0038,SKU0043,42,14.48,2025-02-04 00:00:00,export
O000572,C0030,SKU0052,30,16.55,2025-08-11 00:00:00,export
O000216,C0159,SKU0045,19,39.61,2024-12-29 00:00:00,ecommerce
O001256,C0061,SKU0053,44,70.56,2025-05-20 00:00:00,retail
O000746,C0043,SKU0042,31,46.66,2025-11-19 00:00:00,export
O001313,C0003,SKU0011,24,60.54,2024-06-18 00:00:00,ecommerce
O000081,C0161,SKU0052,11,40.09,2025-12-06 00:00:00,wholesale
O000495,C0144,SKU0029,30,41.61,2024-04-25 00:00:00,ecommerce
O000038,C0081,SKU0018,46,11.51,2025-10-03 00:00:00,ecommerce
O001423,C0040,SKU0034,8,66.67,2024-12-19 00:00:00,ecommerce
O000930,C0083,SKU0007,4,52.18,2025-01-29 00:00:00,retail
O000613,C0037,SKU0058,39,14.87,2025-10-06 00:00:00,wholesale
O000609,C0182,SKU0038,16,55.43,2025-06-19 00:00:00,ecommerce
O001458,C0194,SKU0049,22,24.4,2024-06-10 00:00:00,ecommerce
O000183,C0016,SKU0031,38,71.24,2026-01-30 00:00:00,ecommerce
O000375,C0039,SKU0001,26,26.53,2024-03-03 00:00:00,retail
O000505,C0092,SKU0012,3,40.63,2024-07-28 00:00:00,ecommerce
O000983,C0105,SKU0003,26,55.13,2025-10-01 00:00:00,ecommerce
O000654,C0099,SKU0056,22,10.25,2024-07-27 00:00:00,wholesale
O000067,C0044,SKU0046,33,45.03,2025-01-17 00:00:00,ecommerce
O000542,C0150,SKU0006,35,16.93,2024-04-15 00:00:00,retail
O000652,C0096,SKU0030,36,42.16,2025-04-18 00:00:00,retail
O001197,C0044,SKU0039,37,60.46,2025-04-06 00:00:00,retail
O000408,C0183,SKU0005,16,18.32,2025-07-19 00:00:00,retail
O000469,C0056,SKU0037,34,17.34,2025-03-11 00:00:00,ecommerce
O001066,C0105,SKU0010,41,9.76,2024-08-18 00:00:00,retail
O000998,C0047,SKU0025,28,45.79,2025-07-26 00:00:00,ecommerce
O000173,C0135,SKU0012,26,38.23,2024-10-19 00:00:00,retail
O000663,C0198,SKU0018,5,8.46,2026-01-14 00:00:00,ecommerce
O001271,C0128,SKU0004,26,44.53,2025-08-29 00:00:00,retail
O000331,C0135,SKU0059,20,10.24,2025-06-24 00:00:00,ecommerce
O000551,C0161,SKU0005,29,74.57,2024-04-27 00:00:00,wholesale
O000285,C0133,SKU0048,17,13.63,2024-10-08 00:00:00,retail
O000991,C0110,SKU0035,12,25.39,2025-12-11 00:00:00,ecommerce
O001035,C0166,SKU0053,1,57.06,2024-08-18 00:00:00,ecommerce
O001189,C0130,SKU0013,28,11.35,2024-06-26 00:00:00,wholesale
O001260,C0198,SKU0014,42,34.22,2025-09-26 00:00:00,wholesale
O001250,C0041,SKU0052,32,64.1,2025-08-25 00:00:00,ecommerce
O000233,C0116,SKU0032,1,65.55,2025-09-08 00:00:00,wholesale
O000541,C0023,SKU0002,22,47.32,2024-08-31 00:00:00,ecommerce
O000922,C0128,SKU0048,32,26.51,2024-05-02 00:00:00,ecommerce
O001026,C0116,SKU0004,40,62.95,2024-10-26 00:00:00,retail
O000615,C0074,SKU0060,11,60.41,2024-08-17 00:00:00,wholesale
O000854,C0174,SKU0056,30,63.15,2025-02-25 00:00:00,export
O000702,C0081,SKU0018,48,28.15,2024-11-06 00:00:00,retail
O000533,C0120,SKU0043,38,76.18,2025-01-12 00:00:00,export
O000612,C0063,SKU0001,46,73.33,2025-07-06 00:00:00,wholesale
O001345,C0180,SKU0034,-9,8.77,2024-02-19 00:00:00,ecommerce
O000706,C0137,SKU0004,3,20.6,2025-11-08 00:00:00,export
O000931,C0124,SKU0007,11,24.45,2024-08-03 00:00:00,ecommerce
O001171,C0103,SKU0056,44,13.98,2024-12-03 00:00:00,wholesale
O000271,C0177,SKU0020,17,25.91,2024-06-18 00:00:00,export
O000604,C0094,SKU0018,37,50.56,2024-01-23 00:00:00,export
O000461,C0118,SKU0019,13,59.47,2025-12-15 00:00:00,ecommerce
O001403,C0028,SKU0030,5,42.63,2025-12-29 00:00:00,retail
O000676,C0178,SKU0035,11,46.63,2025-04-10 00:00:00,retail
O001219,C0189,SKU0032,44,25.71,2024-12-12 00:00:00,retail
O000061,C0159,SKU0028,8,45.38,2024-07-01 00:00:00,ecommerce
O000202,C0113,SKU0013,13,62.14,2025-04-01 00:00:00,export
O000266,C0017,SKU0024,11,74.81,2024-11-09 00:00:00,wholesale
O000499,C0144,SKU0029,7,38.46,2024-11-12 00:00:00,retail
O001264,C0182,SKU0035,25,37.89,2024-11-18 00:00:00,retail
O000400,C0031,SKU0044,40,45.14,2024-06-28 00:00:00,export
O001281,C0136,SKU0033,33,40.15,2025-06-04 00:00:00,ecommerce
O000280,C0107,SKU0060,27,57.01,2024-01-29 00:00:00,retail
O000302,C0012,SKU0049,30,48.49,2024-06-27 00:00:00,retail
O001259,C0049,SKU0022,43,46.15,2025-06-25 00:00:00,ecommerce
O001177,C0194,SKU0018,24,27.71,2024-11-02 00:00:00,retail
O001125,C0112,SKU0033,17,47.55,2024-08-02 00:00:00,ecommerce
O000029,C0021,SKU0017,25,70.51,2025-01-30 00:00:00,retail
O000130,C0134,SKU0029,36,40.47,2025-01-08 00:00:00,wholesale
O000241,C0028,SKU0027,26,49.7,2024-03-22 00:00:00,wholesale
O001037,C0166,SKU0041,8,47.65,2025-05-16 00:00:00,ecommerce
O000705,C0001,SKU0001,45,71.69,2025-08-11 00:00:00,export
O001146,C0110,SKU0024,4,20.66,2026-01-13 00:00:00,ecommerce
O001321,C0021,SKU0024,25,75.72,2024-09-05 00:00:00,ecommerce
O000898,C0183,SKU0010,2,22.47,2025-10-07 00:00:00,export
O000678,C0063,SKU0023,6,77.27,2025-02-25 00:00:00,retail
O001178,C0193,SKU0051,14,19.34,2025-11-26 00:00:00,export
O000452,C0145,SKU0057,29,20.8,2025-05-12 00:00:00,export
O000504,C0086,SKU0024,28,14.86,2025-01-22 00:00:00,export
O000513,C0087,SKU0015,37,21.26,2024-12-22 00:00:00,wholesale
O000545,C0147,SKU0002,43,68.97,2024-03-09 00:00:00,retail
O001306,C0036,SKU0053,46,68.67,2024-09-02 00:00:00,ecommerce
O000127,C0037,SKU0010,32,77.43,2024-05-26 00:00:00,wholesale
O001468,C0093,SKU0048,41,19.43,2024-12-24 00:00:00,ecommerce
O000348,C0110,SKU0054,12,57.14,2025-09-07 00:00:00,ecommerce
O001213,C0058,SKU0035,17,29.38,2025-03-11 00:00:00,retail
O000722,C0163,SKU0033,38,48.86,2025-11-26 00:00:00,ecommerce
O001000,C0006,SKU0004,46,79.72,2025-08-27 00:00:00,export
O001433,C0013,SKU0034,4,32.58,2024-08-07 00:00:00,ecommerce
O001379,C0127,SKU0017,45,25.61,2025-08-01 00:00:00,ecommerce
O000392,C0188,SKU0016,12,78.16,2025-07-26 00:00:00,ecommerce
O001330,C0015,SKU0034,13,55.87,2024-01-01 00:00:00,export
O000117,C0157,SKU0012,1,24.26,2025-12-01 00:00:00,retail
O000105,C0015,SKU0045,5,71.57,2025-01-18 00:00:00,retail
O001231,C0070,SKU0048,28,52.1,2024-12-09 00:00:00,ecommerce
O001487,C0025,SKU0048,11,73.81,2024-11-12 00:00:00,ecommerce
O000380,C0008,SKU0051,28,16.03,2024-01-14 00:00:00,ecommerce
O000352,C0180,SKU0020,2,77.06,2024-08-13 00:00:00,ecommerce
O000294,C0010,SKU0051,7,77.14,2025-10-21 00:00:00,retail
O001045,C0077,SKU0020,4,70.33,2025-02-27 00:00:00,ecommerce
O001407,C0088,SKU0049,2,65.05,2025-04-15 00:00:00,retail
O000758,C0104,SKU0020,17,32.5,2024-01-18 00:00:00,ecommerce
O000987,C0147,SKU0051,22,77.85,2025-06-03 00:00:00,retail
O000092,C0091,SKU0037,46,73.89,2024-05-06 00:00:00,export
O000024,C0025,SKU0007,44,51.88,2025-01-31 00:00:00,wholesale
O000733,C0198,SKU0025,2,70.84,2024-11-10 00:00:00,export
O000952,C0132,SKU0036,14,15.89,2025-02-26 00:00:00,ecommerce
O000091,C0055,SKU0059,29,60.02,2025-06-26 00:00:00,ecommerce
O001040,C0043,SKU0008,4,55.09,2024-12-26 00:00:00,ecommerce
O000524,C0163,SKU0058,5,26.04,2025-06-04 00:00:00,ecommerce
O000548,C0023,SKU0046,47,39.85,2024-05-23 00:00:00,export
O001114,C0125,SKU0018,2,69.72,2024-07-06 00:00:00,export
O001265,C0117,SKU0009,36,79.24,2025-01-20 00:00:00,ecommerce
O001305,C0023,SKU0050,43,42.5,2024-10-27 00:00:00,retail
O001131,C0011,SKU0016,24,72.77,2026-01-01 00:00:00,ecommerce
O001367,C0021,SKU0008,34,28.07,2025-06-28 00:00:00,wholesale
O000599,C0068,SKU0036,33,63.07,2025-04-29 00:00:00,retail
O000825,C0103,SKU0013,24,64.73,2024-07-05 00:00:00,ecommerce
O000762,C0018,SKU0016,23,68.93,2024-10-14 00:00:00,ecommerce
O000824,C0189,SKU0049,10,75.3,2026-01-01 00:00:00,ecommerce
O000591,C0022,SKU0005,15,30.29,2025-02-21 00:00:00,retail
O000965,C0095,SKU0020,39,50.05,2025-13-40,ecommerce
O000224,C0175,SKU0037,38,60.58,2026-01-03 00:00:00,wholesale
O001090,C0138,SKU0023,21,69.19,2024-11-07 00:00:00,wholesale
O000214,C0024,SKU0015,19,31.85,2025-04-17 00:00:00,ecommerce
O000744,C0168,SKU0040,23,35.67,2024-03-20 00:00:00,retail
O000852,C0011,SKU0005,4,60.58,2024-08-20 00:00:00,wholesale
O001133,C0088,SKU0053,16,52.85,2025-02-20 00:00:00,ecommerce
O000830,C0170,SKU0018,3,52.53,2024-03-25 00:00:00,retail
O000078,C0082,SKU0031,6,62.86,2025-06-21 00:00:00,ecommerce
O001467,C0146,SKU0051,40,59.45,2024-03-13 00:00:00,retail
O000001,C0049,SKU0019,11,51.92,2025-04-14 00:00:00,wholesale
O000389,C0077,SKU0019,35,73.85,2025-11-07 00:00:00,retail
O000587,C0049,SKU0030,36,40.45,2025-07-13 00:00:00,retail
O000440,C0037,SKU0053,5,44.73,2025-09-12 00:00:00,retail
O000646,C0093,SKU0018,22,59.07,2025-11-14 00:00:00,ecommerce
O000826,C0081,SKU0015,17,69.46,2025-05-12 00:00:00,wholesale
O000576,C0062,SKU0026,39,73.53,2024-07-12 00:00:00,ecommerce
O000804,C0038,SKU0036,41,40.03,2025-07-28 00:00:00,wholesale
O001246,C0172,SKU0030,17,17.45,2024-02-23 00:00:00,retail
O000693,C0044,SKU0040,40,66.09,2025-12-05 00:00:00,ecommerce
O000552,C0031,SKU0044,16,42.6,2024-03-25 00:00:00,wholesale
O000698,C0012,SKU0005,45,13.82,2025-08-29 00:00:00,wholesale
O000298,C0168,SKU0027,49,23.95,2025-09-02 00:00:00,ecommerce
O000546,C0055,SKU0008,35,35.28,2024-01-08 00:00:00,wholesale
O000544,C0179,SKU0034,14,30.56,2025-12-01 00:00:00,ecommerce
O000278,C0008,SKU0046,5,75.67,2025-09-18 00:00:00,export
O001093,C0177,SKU0049,7,63.37,2024-07-16 00:00:00,retail
O000323,C0159,SKU0049,24,36.1,2024-11-12 00:00:00,wholesale
O000491,C0099,SKU0057,46,,2025-01-08 00:00:00,wholesale
O001135,C0200,SKU0049,6,31.83,2025-08-09 00:00:00,ecommerce
O000785,C0033,SKU0018,25,69.69,2024-09-14 00:00:00,wholesale
O001161,C0129,SKU0029,7,16.96,2024-05-14 00:00:00,ecommerce
O000962,C0113,SKU0032,35,46.01,2025-11-29 00:00:00,wholesale
O000902,C0148,SKU0033,35,33.87,2024-11-11 00:00:00,ecommerce
O001386,C0021,SKU0045,28,35.9,2025-09-19 00:00:00,ecommerce
O001137,C0067,SKU0037,40,27.08,2025-03-19 00:00:00,ecommerce
O001228,C0045,SKU0037,28,40.17,2024-03-29 00:00:00,wholesale
O001491,C0129,SKU0016,39,19.56,2025-02-01 00:00:00,retail
O001190,C0087,SKU0010,44,62.73,2025-08-04 00:00:00,retail
O000222,C0061,SKU0057,16,69.36,2025-07-03 00:00:00,wholesale
O001139,C0167,SKU0007,27,40.2,2025-07-22 00:00:00,retail
O001326,C0089,SKU0056,40,46.92,2024-02-21 00:00:00,wholesale
O000820,C0051,SKU0046,18,26.62,2024-02-04 00:00:00,retail
O001293,C0198,SKU0023,7,70.5,2024-10-07 00:00:00,wholesale
O000996,C0050,SKU0058,45,28.76,2025-04-19 00:00:00,export
O000007,C0186,SKU0009,9,69.5,2024-05-30 00:00:00,retail
O000310,C0184,SKU0060,10,30.49,2025-01-27 00:00:00,retail
O001101,C0091,SKU0050,27,22.6,2025-07-12 00:00:00,retail
O001225,C0072,SKU0007,15,50.51,2025-06-17 00:00:00,retail
O000282,C0199,SKU0056,17,65.05,2024-10-10 00:00:00,wholesale
O001490,C0139,SKU0032,37,30.37,2024-11-18 00:00:00,export
O001142,C0048,SKU0031,31,54.69,2025-04-21 00:00:00,ecommerce
O000149,C0017,SKU0060,38,10.18,2025-04-12 00:00:00,wholesale
O000398,C0010,SKU0034,11,18.26,2025-11-14 00:00:00,wholesale
O000620,C0061,SKU0029,32,63.5,2025-11-09 00:00:00,ecommerce
O000328,C0193,SKU0006,48,63.33,2025-10-12 00:00:00,ecommerce
O000487,C0120,SKU0030,25,54.93,2024-12-08 00:00:00,export
O000578,C0026,SKU0012,4,36.29,2025-12-01 00:00:00,ecommerce
O000666,C0046,SKU0060,45,40.47,2024-01-14 00:00:00,ecommerce
O000523,C0126,SKU0016,4,47.47,2025-10-19 00:00:00,export
O000918,C0197,SKU0044,46,34.73,2024-07-08 00:00:00,export
O000882,C0058,SKU0020,9,50.52,2025-08-02 00:00:00,ecommerce
O000272,C0127,SKU0006,26,12.21,2025-02-27 00:00:00,wholesale
O001029,C0053,SKU0040,-7,37.79,2025-05-08 00:00:00,export
O000607,C0144,SKU0005,9,73.17,2024-10-19 00:00:00,wholesale
O000087,C0147,SKU0051,12,13.31,2025-07-30 00:00:00,retail
O000165,C0177,SKU0020,46,38.03,2024-10-08 00:00:00,wholesale
O001307,C0052,SKU0021,42,62.58,2024-06-28 00:00:00,export
O000628,C0187,SKU0032,31,76.48,2025-06-12 00:00:00,wholesale
O000556,C0059,SKU0038,20,34.4,2024-07-03 00:00:00,retail
O000194,C0075,SKU0028,3,33.06,2024-01-19 00:00:00,ecommerce
O000327,C0040,SKU0021,15,68.55,2025-08-17 00:00:00,ecommerce
O000344,C0026,SKU0053,23,57.36,2024-09-17 00:00:00,retail
O000109,C0062,SKU0058,42,17.36,2024-09-07 00:00:00,ecommerce
O000156,C0100,SKU0052,15,25.79,2024-09-14 00:00:00,export
O000531,C0107,SKU0022,17,72.97,2025-01-02 00:00:00,retail
O001208,C0066,SKU0006,39,78.38,2024-06-15 00:00:00,wholesale
O000376,C0187,SKU0048,30,52.65,2024-02-21 00:00:00,retail
O001419,C0175,SKU0002,32,41.52,2024-10-19 00:00:00,retail
O000764,C0080,SKU0022,10,10.19,2025-07-02 00:00:00,ecommerce
O000481,C0049,SKU0048,36,22.18,2025-04-29 00:00:00,ecommerce
O000992,C0107,SKU0007,18,70.24,2024-09-17 00:00:00,retail
O000691,C0123,SKU0034,37,42.87,2024-04-24 00:00:00,wholesale
O001406,C0186,SKU0010,17,71.99,2024-05-26 00:00:00,wholesale
O001434,C0123,SKU0039,39,23.56,2024-11-15 00:00:00,ecommerce
O001280,C0082,SKU0054,46,,2024-03-13 00:00:00,wholesale
O000472,C0098,SKU0003,36,32.83,2024-12-12 00:00:00,ecommerce
O001276,C0102,SKU0005,15,23.43,2026-01-31 00:00:00,ecommerce
O000017,C0151,SKU0003,2,28.02,2025-03-01 00:00:00,wholesale
O001083,C0152,SKU0003,8,21.73,2024-09-08 00:00:00,wholesale
O000682,C0054,SKU0009,39,64.81,2025-05-31 00:00:00,wholesale
O000076,C0072,SKU0002,6,68.28,2025-06-08 00:00:00,ecommerce
O000135,C0170,SKU0044,2,,2024-01-11 00:00:00,ecommerce
O000002,C0012,SKU0005,38,17.3,2024-08-28 00:00:00,wholesale
O000438,C0109,SKU0028,48,46.26,2025-05-29 00:00:00,wholesale
O001009,C0186,SKU0039,14,40.76,2025-07-28 00:00:00,ecommerce
O000320,C0194,SKU0047,8,48.61,2025-05-26 00:00:00,ecommerce
O001269,C0008,SKU0021,33,44.27,2024-08-12 00:00:00,ecommerce
O000982,C0052,SKU0021,5,43.69,2024-12-23 00:00:00,export
O000957,C0092,SKU0051,27,9.46,2025-10-28 00:00:00,retail
O000644,C0159,SKU0022,19,44.22,2024-04-06 00:00:00,ecommerce
O000322,C0063,SKU0048,49,39.02,2024-06-30 00:00:00,ecommerce
O000568,C0072,SKU0034,14,77.61,2025-04-16 00:00:00,export
O001470,C0189,SKU0009,45,43.02,2024-12-28 00:00:00,retail
O000252,C0038,SKU0007,46,14.49,2024-04-04 00:00:00,wholesale
O000875,C0197,SKU0004,31,50.39,2025-07-17 00:00:00,retail
O001092,C0172,SKU0001,5,56.39,2024-12-01 00:00:00,ecommerce
O001353,C0192,SKU0024,4,29.71,2024-02-03 00:00:00,retail
O000063,C0095,SKU0021,11,65.54,2025-05-24 00:00:00,ecommerce
O001471,C0105,SKU0010,9,25.55,2025-10-02 00:00:00,ecommerce
O000090,C0066,SKU0002,27,36.92,2024-05-04 00:00:00,wholesale
O001405,C0114,SKU0011,8,44.46,2024-12-12 00:00:00,ecommerce
O001374,C0088,SKU0021,41,29.12,2024-06-07 00:00:00,wholesale
O000157,C0041,SKU0010,34,69.86,2025-12-10 00:00:00,ecommerce
O000442,C0065,SKU0029,30,43.79,2025-11-18 00:00:00,retail
O001266,C0160,SKU0026,21,12.7,2025-02-24 00:00:00,wholesale
O000716,C0183,SKU0004,47,,2024-05-15 00:00:00,ecommerce
O000415,C0102,SKU0023,46,71.45,2025-10-13 00:00:00,ecommerce
O001383,C0045,SKU0040,37,47.92,2024-05-03 00:00:00,ecommerce
O000553,C0057,SKU0051,22,26.71,2025-06-22 00:00:00,ecommerce
O000512,C0070,SKU0024,48,46.76,2025-08-17 00:00:00,export
O001392,C0050,SKU0016,1,69.91,2024-04-14 00:00:00,ecommerce
O000522,C0086,SKU0036,37,48.69,2024-12-31 00:00:00,ecommerce
O000864,C0157,SKU0055,34,76.56,2024-05-05 00:00:00,wholesale
O001289,C0087,SKU0037,47,79.83,2024-05-15 00:00:00,ecommerce
O000693,C0044,SKU0040,40,66.09,2025-12-05 00:00:00,ecommerce
O000474,C0096,SKU0040,43,43.85,2025-01-28 00:00:00,retail
O001411,C0107,SKU0057,13,71.24,2025-12-22 00:00:00,wholesale
O000745,C0169,SKU0056,24,70.51,2025-08-16 00:00:00,retail
O001287,C0106,SKU0015,48,55.2,2024-08-14 00:00:00,ecommerce
O000181,C0049,SKU0028,10,32.9,2024-01-17 00:00:00,ecommerce
O000712,C0163,SKU0006,13,61.73,2024-04-23 00:00:00,wholesale
O000739,C0122,SKU0018,19,10.36,2025-02-10 00:00:00,export
O001369,C0097,SKU0048,43,71.81,2024-08-23 00:00:00,retail
O000402,C0013,SKU0004,9,74.57,2024-09-04 00:00:00,wholesale
O000796,C0151,SKU0036,15,79.59,2024-09-15 00:00:00,retail
O000346,C0160,SKU0017,8,65.24,2025-06-30 00:00:00,retail
O001495,C0091,SKU0060,15,21.65,2025-05-11 00:00:00,retail
O000251,C0115,SKU0057,15,44.77,2024-01-04 00:00:00,ecommerce
O000296,C0188,SKU0054,8,33.13,2025-07-17 00:00:00,ecommerce
O001450,C0170,SKU0060,15,50.86,2025-03-05 00:00:00,retail
O001286,C0067,SKU0026,34,27.85,2024-08-30 00:00:00,retail
O000835,C0018,SKU0033,39,61.38,2024-08-26 00:00:00,ecommerce
O000263,C0083,SKU0055,46,32.75,2024-09-04 00:00:00,export
O000121,C0107,SKU0007,23,72.1,2024-07-04 00:00:00,export
O001483,C0118,SKU0034,27,37.66,2024-01-21 00:00:00,ecommerce
O000695,C0045,SKU0020,20,17.64,2025-12-19 00:00:00,ecommerce
O000220,C0057,SKU0049,40,79.44,2025-11-19 00:00:00,export
O000268,C0131,SKU0021,14,79.15,2025-08-27 00:00:00,retail
O000369,C0145,SKU0029,21,10.03,2024-06-16 00:00:00,ecommerce
O000193,C0116,SKU0028,30,14.81,2024-07-16 00:00:00,export
O000291,C0105,SKU0005,20,24.29,2025-05-15 00:00:00,wholesale
O001398,C0091,SKU0023,10,24.2,2024-10-26 00:00:00,ecommerce
O001381,C0105,SKU0006,22,50.08,2024-09-13 00:00:00,retail
O001360,C0096,SKU0024,33,66.0,2024-07-15 00:00:00,retail
O000888,C0101,SKU0036,36,45.58,2025-12-18 00:00:00,ecommerce
O000547,C0113,SKU0043,38,67.15,2025-12-11 00:00:00,ecommerce
O000075,C0116,SKU0009,24,42.77,2025-08-10 00:00:00,wholesale
O001223,C0099,SKU0030,10,21.95,2024-06-27 00:00:00,ecommerce
O000849,C0015,SKU0059,4,16.97,2024-11-08 00:00:00,ecommerce
O000253,C0099,SKU0046,11,59.63,2024-08-14 00:00:00,retail
O000433,C0170,SKU0043,34,48.32,2025-10-18 00:00:00,retail
O000871,C0012,SKU0051,35,78.47,2024-10-12 00:00:00,retail
O000597,C0056,SKU0010,12,20.83,2025-01-27 00:00:00,retail
O001415,C0104,SKU0052,2,16.76,2024-01-05 00:00:00,ecommerce
O000012,C0178,SKU0051,25,59.71,2024-10-01 00:00:00,ecommerce
O000850,C0046,SKU0032,10,48.94,2024-04-14 00:00:00,ecommerce
O000655,C0099,SKU0051,16,57.71,2025-07-03 00:00:00,ecommerce
O000970,C0174,SKU0012,10,31.56,2024-11-01 00:00:00,wholesale
O000981,C0108,SKU0014,18,10.92,2024-10-09 00:00:00,export
O000210,C0074,SKU0030,4,49.33,2025-04-27 00:00:00,ecommerce
O001365,C0147,SKU0014,18,53.38,2025-02-14 00:00:00,export
O001117,C0032,SKU0015,24,78.07,2024-05-11 00:00:00,retail
O001329,C0077,SKU0025,19,27.77,2024-06-21 00:00:00,wholesale
O000180,C0108,SKU0041,23,29.33,2024-03-20 00:00:00,retail
O001194,C0147,SKU0025,26,28.56,2024-12-13 00:00:00,retail
O000514,C0133,SKU0021,5,43.66,2025-10-02 00:00:00,ecommerce
O000313,C0142,SKU0003,28,19.34,2025-02-08 00:00:00,retail
O000441,C0124,SKU0016,37,10.59,2025-05-26 00:00:00,wholesale
O000622,C0074,SKU0030,39,63.29,2025-03-28 00:00:00,retail
O000161,C0114,SKU0025,44,22.63,2025-02-08 00:00:00,ecommerce
O001342,C0110,SKU0015,3,31.92,2024-05-08 00:00:00,retail
O000377,C0168,SKU0030,29,41.63,2024-09-24 00:00:00,ecommerce
O000206,C0122,SKU0021,29,9.78,2024-07-30 00:00:00,retail
O000289,C0110,SKU0002,25,68.2,2025-08-04 00:00:00,ecommerce
O000057,C0192,SKU0046,15,69.34,2024-11-12 00:00:00,export
O000685,C0126,SKU0006,27,78.98,2025-08-04 00:00:00,wholesale
O000385,C0057,SKU0034,39,76.61,2025-11-02 00:00:00,retail
O000501,C0150,SKU0033,45,31.3,2024-05-03 00:00:00,ecommerce
O001431,C0014,SKU0022,2,71.34,2025-04-16 00:00:00,retail
O000838,C0128,SKU0059,48,15.33,2025-10-30 00:00:00,retail
O000232,C0139,SKU0021,37,67.02,2025-07-12 00:00:00,wholesale
O001267,C0193,SKU0043,30,75.11,2024-07-04 00:00:00,ecommerce
O000426,C0019,SKU0036,17,55.55,2025-03-03 00:00:00,ecommerce
O001210,C0129,SKU0025,29,32.65,2025-09-13 00:00:00,wholesale
O000311,C0175,SKU0027,43,20.83,2024-07-19 00:00:00,ecommerce
O000590,C0150,SKU0046,1,60.51,2024-08-30 00:00:00,ecommerce
O000238,C0076,SKU0032,26,75.41,2025-05-13 00:00:00,retail
O000237,C0023,SKU0050,34,62.5,2026-01-02 00:00:00,ecommerce
O000427,C0095,SKU0021,34,39.0,2024-07-09 00:00:00,wholesale
O000949,C0048,SKU0023,30,30.66,2024-04-21 00:00:00,wholesale
O001485,C0096,SKU0036,10,23.0,2025-11-10 00:00:00,wholesale
O000582,C0142,SKU0043,12,10.09,2025-04-04 00:00:00,ecommerce
O001290,C0038,SKU0013,47,73.97,2024-11-19 00:00:00,wholesale
O000176,C0155,SKU0024,11,35.36,2025-01-15 00:00:00,ecommerce
O001134,C0018,SKU0002,4,69.16,2025-06-18 00:00:00,ecommerce
O001378,C0123,SKU0052,28,39.21,2024-03-31 00:00:00,export
O000955,C0190,SKU0044,41,43.23,2024-05-05 00:00:00,retail
O000457,C0153,SKU0041,10,29.26,2025-12-13 00:00:00,wholesale
O000799,C0083,SKU0051,23,12.7,2025-07-08 00:00:00,retail
O001318,C0005,SKU0026,41,45.26,2025-10-31 00:00:00,ecommerce
O001496,C0018,SKU0006,29,74.2,2025-10-17 00:00:00,ecommerce
O001457,C0186,SKU0056,25,57.76,2024-01-08 00:00:00,retail
O000318,C0013,SKU0003,46,48.88,2025-11-13 00:00:00,wholesale
O001221,C0032,SKU0043,2,72.89,2024-04-12 00:00:00,wholesale
O000964,C0100,SKU0023,7,18.73,2024-09-02 00:00:00,wholesale
O000672,C0199,SKU0035,30,53.99,2025-10-27 00:00:00,ecommerce
O000995,C0160,SKU0055,33,16.07,2025-05-16 00:00:00,wholesale
O000153,C0031,SKU0053,6,62.42,2025-07-20 00:00:00,retail
O000559,C0038,SKU0027,30,56.17,2024-06-24 00:00:00,ecommerce
O000968,C0070,SKU0009,34,38.31,2024-12-20 00:00:00,ecommerce
O001373,C0066,SKU0004,21,16.3,2025-04-21 00:00:00,wholesale
O001451,C0105,SKU0025,24,78.84,2025-05-02 00:00:00,retail
O000956,C0005,SKU0027,14,47.94,2024-07-11 00:00:00,wholesale
O001278,C0128,SKU0030,43,54.37,2025-01-28 00:00:00,wholesale
O001371,C0072,SKU0042,34,63.81,2024-11-09 00:00:00,ecommerce
O000753,C0177,SKU0021,49,26.96,2024-01-03 00:00:00,ecommerce
O000769,C0048,SKU0013,13,71.91,2025-04-22 00:00:00,export
O001355,C0175,SKU0019,14,55.23,2024-11-18 00:00:00,retail
O000575,C0050,SKU0030,23,58.06,2024-08-09 00:00:00,ecommerce
O001500,C0068,SKU0011,42,58.67,2024-10-01 00:00:00,retail
O000265,C0050,SKU0026,44,28.03,2024-07-03 00:00:00,wholesale
O000292,C0181,SKU0046,6,45.79,2025-08-12 00:00:00,ecommerce
O001297,C0021,SKU0050,20,57.29,2024-09-03 00:00:00,export
O000600,C0073,SKU0037,38,68.19,2024-08-30 00:00:00,wholesale
O000984,C0174,SKU0049,9,46.62,2024-04-26 00:00:00,retail
O000155,C0048,SKU0044,37,36.03,2025-11-02 00:00:00,wholesale
O001364,C0045,SKU0035,8,41.34,2025-01-19 00:00:00,ecommerce
O000023,C0082,SKU0012,28,62.39,2025-07-12 00:00:00,ecommerce
O000844,C0184,SKU0030,30,9.31,2026-01-18 00:00:00,export
O001420,C0153,SKU0024,1,35.89,2025-09-23 00:00:00,wholesale
O001421,C0144,SKU0044,2,75.76,2024-10-09 00:00:00,export
O000867,C0022,SKU0007,7,61.4,2024-12-12 00:00:00,ecommerce
O001384,C0143,SKU0018,4,23.98,2024-05-13 00:00:00,ecommerce
O001440,C0115,SKU0015,1,64.7,2025-03-03 00:00:00,ecommerce
O001238,C0199,SKU0050,17,30.79,2024-11-18 00:00:00,export
O000259,C0040,SKU0022,1,44.83,2025-10-28 00:00:00,ecommerce
O000228,C0105,SKU0043,33,53.96,2025-10-22 00:00:00,ecommerce
O000317,C0198,SKU0009,22,65.47,2025-06-17 00:00:00,ecommerce
O001047,C0013,SKU0022,25,34.36,2024-03-10 00:00:00,wholesale
O000108,C0019,SKU0027,31,28.65,2024-10-26 00:00:00,wholesale
O001385,C0010,SKU0048,8,56.99,2024-02-03 00:00:00,export
O001159,C0192,SKU0039,40,65.79,2024-10-03 00:00:00,retail
O000428,C0046,SKU0044,8,23.68,2025-08-26 00:00:00,wholesale
O000086,C0187,SKU0047,34,61.66,2024-06-08 00:00:00,ecommerce
O000878,C0165,SKU0044,13,28.45,2024-10-09 00:00:00,retail
O000846,C0171,SKU0007,34,44.81,2025-12-27 00:00:00,wholesale
O001480,C0171,SKU0034,42,30.83,2024-05-28 00:00:00,export
O000593,C0042,SKU0017,29,74.47,2024-03-27 00:00:00,export
O000611,C0035,SKU0054,34,30.02,2025-05-17 00:00:00,export
O001497,C0135,SKU0019,49,15.42,2024-05-17 00:00:00,export
O000525,C0074,SKU0018,20,40.6,2024-09-11 00:00:00,ecommerce
O000031,C0139,SKU0017,26,35.43,2024-10-19 00:00:00,retail
O000011,C0161,SKU0002,38,54.43,2025-02-05 00:00:00,ecommerce
O000942,C0177,SKU0036,29,49.46,2024-04-05 00:00:00,ecommerce
O000439,C0085,SKU0019,45,50.2,2024-07-13 00:00:00,wholesale
O000343,C0126,SKU0003,6,39.67,2025-05-29 00:00:00,retail
O000711,C0046,SKU0005,31,52.24,2025-13-40,retail
O001176,C0094,SKU0002,47,70.99,2024-07-05 00:00:00,ecommerce
O000459,C0165,SKU0045,13,77.05,2024-04-16 00:00:00,wholesale
O000840,C0157,SKU0026,7,12.87,2025-11-18 00:00:00,ecommerce
O000670,C0170,SKU0012,30,69.92,2024-06-25 00:00:00,wholesale
O001126,C0137,SKU0042,3,40.15,2025-05-29 00:00:00,export
O000126,C0186,SKU0029,12,31.08,2024-06-26 00:00:00,ecommerce
O000258,C0190,SKU0002,23,14.11,2025-01-08 00:00:00,wholesale
O001191,C0074,SKU0013,40,61.07,2024-03-21 00:00:00,retail
O001258,C0088,SKU0058,2,22.16,2024-03-26 00:00:00,retail
O000314,C0080,SKU0006,21,55.96,2024-01-23 00:00:00,export
O001242,C0106,SKU0047,30,73.47,2025-12-11 00:00:00,wholesale
O001059,C0008,SKU0049,9,57.2,2024-07-30 00:00:00,wholesale
O000005,C0069,SKU0046,24,62.6,2024-09-18 00:00:00,wholesale
O001062,C0177,SKU0038,35,26.03,2025-02-08 00:00:00,ecommerce
O000199,C0102,SKU0004,27,51.22,2024-11-16 00:00:00,retail
O000629,C0073,SKU0034,10,65.47,2024-02-15 00:00:00,ecommerce
O000410,C0108,SKU0031,40,58.75,2025-03-26 00:00:00,wholesale
O001253,C0134,SKU0055,19,10.62,2024-12-28 00:00:00,ecommerce
O000717,C0154,SKU0033,11,22.58,2025-06-03 00:00:00,retail
O001319,C0005,SKU0015,22,57.03,2025-11-28 00:00:00,retail
O000175,C0087,SKU0025,7,17.26,2025-03-20 00:00:00,retail
O001274,C0113,SKU0015,47,55.43,2026-01-25 00:00:00,ecommerce
O001080,C0053,SKU0042,14,19.72,2025-01-22 00:00:00,ecommerce
O000470,C0199,SKU0005,35,58.03,2024-02-19 00:00:00,ecommerce
O000203,C0128,SKU0003,38,38.5,2025-03-07 00:00:00,export
O000953,C0187,SKU0018,4,40.98,2026-01-01 00:00:00,ecommerce
O000596,C0165,SKU0059,19,13.27,2024-06-13 00:00:00,wholesale
O000632,C0129,SKU0036,11,79.75,2025-01-21 00:00:00,ecommerce
O000178,C0100,SKU0013,23,33.92,2025-02-08 00:00:00,retail
O000276,C0087,SKU0013,8,55.67,2025-12-05 00:00:00,export
O000889,C0135,SKU0012,8,31.05,2024-11-07 00:00:00,ecommerce
O000413,C0160,SKU0005,32,56.13,2024-01-20 00:00:00,retail
O000014,C0186,SKU0032,2,43.75,2025-01-25 00:00:00,retail
O000484,C0128,SKU0045,4,11.94,2024-02-16 00:00:00,ecommerce
O001459,C0027,SKU0016,39,61.41,2025-03-31 00:00:00,ecommerce
O001448,C0146,SKU0031,31,69.8,2024-08-27 00:00:00,wholesale
O000476,C0085,SKU0021,31,39.11,2024-08-26 00:00:00,wholesale
O001268,C0054,SKU0034,1,44.12,2025-01-16 00:00:00,export
O000539,C0075,SKU0049,24,33.56,2025-04-04 00:00:00,retail
O000616,C0027,SKU0057,44,73.9,2025-07-16 00:00:00,wholesale
O000978,C0011,SKU0015,6,73.2,2025-09-15 00:00:00,wholesale
O000118,C0113,SKU0001,25,55.24,2024-04-24 00:00:00,ecommerce
O000537,C0078,SKU0033,16,73.17,2024-05-25 00:00:00,retail
O001121,C0066,SKU0046,43,41.63,2025-08-06 00:00:00,export
O001122,C0139,SKU0058,49,31.27,2024-04-15 00:00:00,wholesale
O000642,C0182,SKU0011,44,44.67,2025-03-21 00:00:00,ecommerce
O000603,C0047,SKU0037,20,31.27,2025-10-18 00:00:00,retail
O001202,C0189,SKU0008,6,36.8,2024-07-15 00:00:00,ecommerce
O001181,C0118,SKU0044,4,28.25,2024-08-28 00:00:00,wholesale
O000881,C0125,SKU0029,41,19.93,2024-03-25 00:00:00,ecommerce
O000164,C0067,SKU0024,49,19.41,2025-10-11 00:00:00,ecommerce
O000112,C0145,SKU0009,34,75.36,2025-07-29 00:00:00,retail
O000345,C0185,SKU0012,17,10.88,2024-12-08 00:00:00,retail
O001182,C0037,SKU0012,12,55.53,2025-10-04 00:00:00,wholesale
O001069,C0083,SKU0003,21,25.47,2025-06-28 00:00:00,wholesale
O000483,C0144,SKU0054,10,22.57,2025-08-15 00:00:00,ecommerce
O001324,C0122,SKU0028,44,25.02,2025-02-10 00:00:00,wholesale
O000954,C0166,SKU0021,17,35.46,2024-06-07 00:00:00,ecommerce
O000131,C0199,SKU0002,40,68.16,2026-01-28 00:00:00,wholesale
O001285,C0085,SKU0012,28,13.9,2024-09-01 00:00:00,retail
O001292,C0171,SKU0050,22,77.62,2024-02-09 00:00:00,retail
O000339,C0124,SKU0059,26,52.71,2025-10-22 00:00:00,retail
O000887,C0062,SKU0004,47,9.89,2025-04-04 00:00:00,ecommerce
O001063,C0062,SKU0018,28,61.72,2025-07-26 00:00:00,ecommerce
O000073,C0007,SKU0013,26,66.48,2024-11-19 00:00:00,wholesale
O000515,C0156,SKU0042,31,18.98,2025-02-07 00:00:00,wholesale
O001229,C0146,SKU0049,46,47.1,2024-03-28 00:00:00,ecommerce
O000516,C0135,SKU0033,41,19.63,2024-07-17 00:00:00,retail
O001214,C0152,SKU0058,20,14.22,2024-05-07 00:00:00,wholesale
O000379,C0018,SKU0035,45,22.67,2025-02-26 00:00:00,export
O000013,C0007,SKU0044,49,48.83,2026-01-02 00:00:00,wholesale
O000448,C0087,SKU0007,16,13.26,2025-03-04 00:00:00,ecommerce
O000967,C0091,SKU0047,49,67.36,2024-02-24 00:00:00,ecommerce
O000209,C0187,SKU0034,29,25.57,2025-02-04 00:00:00,ecommerce
O000304,C0167,SKU0019,49,54.72,2025-04-18 00:00:00,export
O000577,C0077,SKU0002,19,21.03,2024-07-08 00:00:00,export
O000621,C0173,SKU0015,2,44.02,2024-04-22 00:00:00,retail
O001302,C0005,SKU0052,2,30.74,2025-09-17 00:00:00,ecommerce
O001060,C0127,SKU0023,32,8.12,2026-01-25 00:00:00,retail
O000566,C0036,SKU0003,7,36.45,2025-10-12 00:00:00,retail
O001372,C0004,SKU0045,46,55.68,2024-06-16 00:00:00,export
O000694,C0034,SKU0005,46,15.5,2025-01-27 00:00:00,ecommerce
O001141,C0155,SKU0015,39,27.53,2024-08-22 00:00:00,ecommerce
O001282,C0150,SKU0038,28,8.44,2025-07-08 00:00:00,ecommerce
O000645,C0072,SKU0009,4,69.63,2025-03-12 00:00:00,retail
O000883,C0085,SKU0056,2,20.22,2024-01-23 00:00:00,wholesale
O000341,C0073,SKU0052,8,41.85,2025-06-01 00:00:00,ecommerce
O001331,C0091,SKU0033,43,58.69,2024-03-07 00:00:00,ecommerce
O000347,C0061,SKU0052,41,28.37,2024-11-19 00:00:00,ecommerce
O001429,C0158,SKU0019,10,19.59,2024-10-10 00:00:00,wholesale
O001316,C0117,SKU0060,4,39.41,2024-04-19 00:00:00,ecommerce
O000305,C0188,SKU0005,36,64.04,2024-06-27 00:00:00,ecommerce
O000037,C0042,SKU0033,37,42.88,2025-10-23 00:00:00,ecommerce
O000812,C0182,SKU0008,43,8.88,2024-05-21 00:00:00,wholesale
O000043,C0018,SKU0042,2,65.26,2025-03-06 00:00:00,ecommerce
O000932,C0176,SKU0017,6,50.64,2025-01-08 00:00:00,wholesale
O000395,C0009,SKU0057,8,69.16,2026-01-17 00:00:00,ecommerce
O000879,C0033,SKU0053,40,16.56,2025-09-28 00:00:00,ecommerce
O001396,C0045,SKU0057,13,36.36,2024-12-07 00:00:00,export
O001215,C0031,SKU0027,44,38.81,2024-10-05 00:00:00,ecommerce
O000734,C0087,SKU0010,46,51.43,2025-01-28 00:00:00,retail
O000460,C0022,SKU0025,7,75.99,2024-01-28 00:00:00,retail
O000708,C0039,SKU0052,5,22.76,2024-10-27 00:00:00,retail
O000424,C0070,SKU0020,26,45.35,2024-08-03 00:00:00,ecommerce
O001488,C0052,SKU0011,34,73.57,2024-06-06 00:00:00,retail
O000927,C0045,SKU0002,5,44.77,2024-01-03 00:00:00,ecommerce
O000880,C0150,SKU0036,25,44.87,2024-11-04 00:00:00,ecommerce
O000295,C0063,SKU0029,10,17.21,2025-07-17 00:00:00,wholesale
O000586,C0097,SKU0006,35,19.25,2024-10-02 00:00:00,export
O000027,C0193,SKU0042,45,63.11,2024-07-06 00:00:00,wholesale
O000681,C0150,SKU0019,15,29.24,2025-07-26 00:00:00,wholesale
O001049,C0018,SKU0002,48,10.13,2026-01-21 00:00:00,ecommerce
O001044,C0025,SKU0014,17,55.97,2024-09-18 00:00:00,export
O000136,C0079,SKU0057,3,54.28,2024-03-05 00:00:00,export
O000511,C0061,SKU0020,42,25.35,2025-02-23 00:00:00,retail
O000211,C0026,SKU0034,4,57.27,2025-06-27 00:00:00,wholesale
O001109,C0050,SKU0027,47,74.46,2025-13-40,ecommerce
O000354,C0195,SKU0031,35,60.73,2024-11-06 00:00:00,retail
O000946,C0155,SKU0045,37,29.34,2025-01-02 00:00:00,retail
O001251,C0076,SKU0034,20,28.59,2024-07-09 00:00:00,retail
O000853,C0172,SKU0052,40,76.37,2024-06-18 00:00:00,export
O000056,C0195,SKU0040,8,16.24,2025-10-14 00:00:00,ecommerce
O000464,C0104,SKU0054,25,79.21,2024-03-19 00:00:00,ecommerce
O001424,C0182,SKU0043,49,61.92,2024-01-21 00:00:00,wholesale
O001445,C0142,SKU0058,5,60.15,2024-04-10 00:00:00,ecommerce
O000857,C0020,SKU0006,33,67.93,2025-09-14 00:00:00,retail
O000217,C0045,SKU0021,14,60.86,2026-01-20 00:00:00,ecommerce
O001441,C0101,SKU0050,19,26.07,2024-04-30 00:00:00,export
O000041,C0094,SKU0013,29,19.84,2024-02-29 00:00:00,wholesale
O000885,C0198,SKU0012,49,22.06,2024-02-02 00:00:00,ecommerce
O000397,C0113,SKU0022,41,26.34,2024-09-21 00:00:00,export
O001456,C0063,SKU0031,22,55.2,2024-01-01 00:00:00,retail
O001057,C0018,SKU0024,16,28.43,2025-07-22 00:00:00,wholesale
O001243,C0069,SKU0006,7,61.71,2024-08-08 00:00:00,ecommerce
O001387,C0173,SKU0022,49,34.17,2024-02-16 00:00:00,wholesale
O001195,C0142,SKU0052,10,40.62,2025-06-17 00:00:00,ecommerce
O001399,C0033,SKU0004,3,28.2,2024-05-19 00:00:00,retail
O000179,C0043,SKU0043,27,51.98,2025-01-28 00:00:00,retail
O000177,C0030,SKU0034,43,49.46,2025-10-08 00:00:00,ecommerce
O000741,C0116,SKU0006,30,63.66,2025-12-24 00:00:00,export
O000508,C0172,SKU0016,33,59.56,2024-09-10 00:00:00,ecommerce
O000571,C0161,SKU0010,1,50.2,2025-11-14 00:00:00,ecommerce
O000921,C0072,SKU0018,37,18.85,2024-08-13 00:00:00,ecommerce
O001325,C0046,SKU0055,41,44.04,2024-08-01 00:00:00,retail
O000301,C0057,SKU0043,32,19.05,2025-11-22 00:00:00,retail
O001461,C0005,SKU0041,23,78.61,2025-08-12 00:00:00,ecommerce
O000972,C0007,SKU0023,32,20.59,2025-02-09 00:00:00,retail
O000640,C0178,SKU0024,12,38.77,2026-01-26 00:00:00,wholesale
O000564,C0142,SKU0053,16,29.1,2024-01-04 00:00:00,ecommerce
O001255,C0045,SKU0022,1,52.43,2024-06-19 00:00:00,export
O000079,C0088,SKU0046,5,18.11,2025-07-27 00:00:00,ecommerce
O000519,C0141,SKU0002,23,20.41,2025-03-31 00:00:00,wholesale
O000076,C0072,SKU0002,6,68.28,2025-06-08 00:00:00,ecommerce
O000727,C0069,SKU0054,29,57.29,2025-11-01 00:00:00,ecommerce
O000229,C0102,SKU0042,47,45.08,2024-02-26 00:00:00,wholesale
O000819,C0024,SKU0042,15,65.46,2024-04-07 00:00:00,ecommerce
O001484,C0124,SKU0017,35,41.49,2024-06-12 00:00:00,retail
O000051,C0066,SKU0042,3,24.22,2025-11-18 00:00:00,wholesale
O000030,C0164,SKU0009,35,15.9,2025-09-30 00:00:00,export
O000634,C0174,SKU0054,14,45.35,2026-01-25 00:00:00,retail
O000657,C0091,SKU0058,27,37.93,2024-12-06 00:00:00,ecommerce
O000562,C0153,SKU0051,28,67.63,2025-10-09 00:00:00,retail
O001358,C0061,SKU0027,17,22.52,2025-07-16 00:00:00,retail
O001008,C0149,SKU0034,17,9.36,2025-05-01 00:00:00,wholesale
O001254,C0167,SKU0055,22,39.91,2025-11-05 00:00:00,export
O001136,C0045,SKU0038,46,22.05,2025-12-27 00:00:00,wholesale
O000204,C0197,SKU0055,11,29.56,2024-01-06 00:00:00,wholesale
O000445,C0035,SKU0056,46,54.74,2024-12-24 00:00:00,ecommerce
O000372,C0156,SKU0016,18,76.35,2024-04-12 00:00:00,export
O000033,C0029,SKU0012,28,39.13,2024-02-01 00:00:00,retail
O001123,C0124,SKU0020,5,28.65,2024-08-01 00:00:00,retail
O001207,C0040,SKU0030,41,63.85,2024-08-06 00:00:00,export
O000966,C0012,SKU0004,40,11.24,2025-04-08 00:00:00,retail
O001064,C0128,SKU0055,35,63.42,2025-05-17 00:00:00,ecommerce
O000894,C0080,SKU0046,15,29.83,2024-03-17 00:00:00,ecommerce
O000669,C0014,SKU0008,1,,2024-04-29 00:00:00,ecommerce
O001206,C0126,SKU0055,33,45.79,2024-11-08 00:00:00,wholesale
O001230,C0058,SKU0014,24,27.25,2024-10-24 00:00:00,wholesale
O000959,C0184,SKU0003,2,78.1,2024-10-16 00:00:00,wholesale
O000335,C0109,SKU0040,31,31.6,2024-03-28 00:00:00,export
O000383,C0173,SKU0056,46,,2026-01-03 00:00:00,retail
O001087,C0138,SKU0011,2,13.42,2024-11-02 00:00:00,export
O001144,C0166,SKU0037,15,32.51,2024-09-01 00:00:00,export
O000373,C0145,SKU0041,17,31.34,2024-03-19 00:00:00,export
O000152,C0149,SKU0016,22,11.73,2024-10-06 00:00:00,ecommerce
O000960,C0143,SKU0044,38,55.05,2024-03-31 00:00:00,wholesale
O000779,C0106,SKU0027,27,42.45,2025-03-14 00:00:00,export
O001007,C0075,SKU0060,15,63.48,2024-08-06 00:00:00,retail
O000004,C0072,SKU0029,18,59.63,2025-08-23 00:00:00,ecommerce
O001022,C0163,SKU0050,24,16.23,2024-04-26 00:00:00,ecommerce
O000703,C0012,SKU0001,7,45.38,2025-12-16 00:00:00,ecommerce
O000643,C0101,SKU0046,16,9.47,2024-10-22 00:00:00,retail
O000430,C0088,SKU0027,1,32.91,2025-08-20 00:00:00,retail
O001187,C0118,SKU0053,17,70.97,2026-01-29 00:00:00,wholesale
O001347,C0162,SKU0024,22,19.23,2024-07-23 00:00:00,retail
O001464,C0035,SKU0011,28,69.82,2024-05-11 00:00:00,wholesale
O000446,C0135,SKU0006,27,43.83,2024-05-21 00:00:00,export
O000855,C0109,SKU0046,15,71.16,2024-11-19 00:00:00,ecommerce
O001449,C0037,SKU0032,20,11.84,2024-12-09 00:00:00,export
O000042,C0190,SKU0027,16,58.77,2024-08-01 00:00:00,retail
O000834,C0008,SKU0056,16,12.23,2024-08-12 00:00:00,retail
O000223,C0147,SKU0014,27,67.93,2024-08-04 00:00:00,wholesale
O000841,C0033,SKU0012,3,42.13,2024-03-21 00:00:00,retail
O001394,C0009,SKU0031,30,15.85,2025-05-12 00:00:00,ecommerce
O000053,C0107,SKU0019,41,41.91,2024-11-28 00:00:00,export
O000502,C0157,SKU0016,27,25.12,2024-01-01 00:00:00,export
O000114,C0078,SKU0021,38,18.31,2024-11-26 00:00:00,ecommerce
O000049,C0161,SKU0026,5,47.18,2024-02-20 00:00:00,ecommerce
O000290,C0061,SKU0047,47,75.17,2025-06-27 00:00:00,export
O000077,C0134,SKU0038,39,30.09,2024-04-19 00:00:00,wholesale
O000207,C0183,SKU0045,44,38.96,2024-05-09 00:00:00,wholesale
O000378,C0123,SKU0059,-5,34.69,2024-06-02 00:00:00,ecommerce
O000124,C0166,SKU0020,6,34.32,2024-02-04 00:00:00,retail
O000974,C0080,SKU0057,24,19.92,2024-05-22 00:00:00,retail
O001201,C0022,SKU0052,10,69.53,2024-08-20 00:00:00,wholesale
O001309,C0179,SKU0056,36,23.03,2025-06-28 00:00:00,wholesale
O000387,C0164,SKU0014,37,38.14,2024-12-08 00:00:00,retail
O000226,C0005,SKU0043,47,75.3,2025-13-40,ecommerce
O001153,C0017,SKU0005,39,79.63,2025-02-14 00:00:00,retail
O000633,C0005,SKU0038,25,18.98,2024-04-02 00:00:00,retail
O000776,C0096,SKU0051,21,65.1,2024-11-07 00:00:00,wholesale
O000890,C0102,SKU0040,43,24.21,2024-04-01 00:00:00,retail
O000900,C0050,SKU0013,28,45.36,2024-05-16 00:00:00,wholesale
O000833,C0052,SKU0033,23,47.67,2024-04-13 00:00:00,ecommerce
O000684,C0122,SKU0026,38,52.05,2025-07-07 00:00:00,ecommerce
O001370,C0143,SKU0050,44,27.54,2024-10-07 00:00:00,wholesale
O000618,C0088,SKU0046,5,31.16,2024-08-29 00:00:00,ecommerce
O000686,C0188,SKU0042,16,55.09,2025-03-08 00:00:00,retail
O000870,C0089,SKU0042,18,55.48,2025-10-11 00:00:00,retail
O000674,C0175,SKU0030,14,9.4,2024-07-12 00:00:00,ecommerce
O000750,C0115,SKU0026,33,42.29,2025-08-31 00:00:00,retail
O001003,C0089,SKU0056,7,33.75,2024-06-09 00:00:00,wholesale
O001073,C0034,SKU0016,47,55.56,2024-10-27 00:00:00,export
O000409,C0053,SKU0031,27,66.34,2024-06-13 00:00:00,ecommerce
O000630,C0100,SKU0026,8,71.87,2024-05-11 00:00:00,retail
O001279,C0083,SKU0050,24,36.61,2024-03-21 00:00:00,ecommerce
O000647,C0153,SKU0017,45,65.29,2024-03-10 00:00:00,wholesale
O000140,C0116,SKU0031,34,51.12,2025-10-04 00:00:00,ecommerce
O001119,C0185,SKU0007,22,29.86,2025-10-25 00:00:00,wholesale
O000914,C0145,SKU0036,46,74.18,2024-09-15 00:00:00,retail
O000166,C0176,SKU0032,37,71.32,2025-01-19 00:00:00,wholesale
O001138,C0089,SKU0041,46,27.65,2025-04-09 00:00:00,ecommerce
O000813,C0108,SKU0024,15,17.05,2024-12-30 00:00:00,retail
O000215,C0177,SKU0041,31,56.25,2025-10-31 00:00:00,export
O000132,C0011,SKU0008,10,56.13,2025-03-22 00:00:00,wholesale
O000315,C0159,SKU0017,7,53.33,2025-08-01 00:00:00,ecommerce
O000139,C0185,SKU0048,11,77.49,2025-10-02 00:00:00,ecommerce
O001192,C0154,SKU0028,15,79.78,2025-01-01 00:00:00,ecommerce
O000417,C0173,SKU0024,5,67.03,2024-08-16 00:00:00,retail
O001030,C0195,SKU0057,16,63.68,2024-08-31 00:00:00,ecommerce
O000039,C0013,SKU0028,31,9.19,2025-09-18 00:00:00,export
O000054,C0099,SKU0023,49,42.57,2025-09-22 00:00:00,ecommerce
O000707,C0135,SKU0060,13,15.37,2025-05-15 00:00:00,ecommerce
O000137,C0021,SKU0060,10,21.66,2024-07-23 00:00:00,export
O001375,C0109,SKU0040,36,25.13,2025-05-09 00:00:00,ecommerce
O000794,C0146,SKU0005,19,73.51,2025-06-05 00:00:00,export
O000036,C0009,SKU0003,32,68.31,2024-02-24 00:00:00,wholesale
O000026,C0171,SKU0054,40,47.12,2025-09-01 00:00:00,retail
O000658,C0114,SKU0005,48,26.0,2025-03-29 00:00:00,export
O000450,C0046,SKU0056,14,21.74,2024-03-18 00:00:00,retail
O000579,C0142,SKU0054,19,54.59,2025-02-28 00:00:00,ecommerce
O000303,C0001,SKU0046,27,55.02,2024-03-18 00:00:00,wholesale
O001413,C0061,SKU0057,46,49.2,2024-07-10 00:00:00,retail
O001466,C0044,SKU0045,22,33.99,2025-11-09 00:00:00,wholesale
O001328,C0089,SKU0024,26,59.45,2024-02-10 00:00:00,ecommerce
O001053,C0106,SKU0060,16,27.79,2026-01-22 00:00:00,wholesale
O001185,C0029,SKU0037,10,17.53,2024-01-16 00:00:00,wholesale
O000778,C0173,SKU0015,45,79.87,2025-04-03 00:00:00,retail
O001211,C0062,SKU0057,44,34.9,2024-08-09 00:00:00,ecommerce
O000245,C0193,SKU0005,41,60.18,2025-09-17 00:00:00,ecommerce
O000104,C0070,SKU0059,42,70.6,2024-04-17 00:00:00,retail
O000277,C0073,SKU0018,10,53.41,2024-12-04 00:00:00,wholesale
O000394,C0196,SKU0056,1,79.06,2025-02-16 00:00:00,ecommerce
O000111,C0101,SKU0033,27,23.84,2025-09-28 00:00:00,retail
O000589,C0117,SKU0043,45,27.74,2024-04-23 00:00:00,wholesale
O000160,C0002,SKU0017,3,30.27,2025-01-02 00:00:00,wholesale
O000971,C0151,SKU0010,15,77.79,2025-02-06 00:00:00,ecommerce
O000748,C0001,SKU0016,8,64.38,2025-10-21 00:00:00,retail
O001172,C0185,SKU0008,25,49.71,2025-04-26 00:00:00,export
O001105,C0023,SKU0054,1,21.09,2025-11-07 00:00:00,wholesale
O000661,C0129,SKU0045,27,42.13,2024-09-18 00:00:00,wholesale
O001154,C0124,SKU0060,16,74.12,2024-10-31 00:00:00,retail
O000340,C0169,SKU0024,27,37.79,2024-05-22 00:00:00,ecommerce
O000330,C0019,SKU0017,3,46.76,2024-08-15 00:00:00,export
O000134,C0190,SKU0004,9,71.73,2025-01-10 00:00:00,wholesale
O000638,C0123,SKU0005,22,60.64,2024-01-13 00:00:00,wholesale
O000168,C0075,SKU0059,23,23.31,2025-11-24 00:00:00,export
O001388,C0096,SKU0015,17,18.78,2024-10-30 00:00:00,retail
O000928,C0019,SKU0037,1,29.96,2025-08-15 00:00:00,wholesale
O000861,C0121,SKU0051,28,11.74,2024-11-02 00:00:00,ecommerce
O001021,C0168,SKU0030,47,16.79,2024-11-26 00:00:00,retail
O001473,C0020,SKU0032,15,8.67,2024-12-27 00:00:00,export
O000025,C0040,SKU0022,20,20.4,2024-07-23 00:00:00,wholesale
O000807,C0048,SKU0059,2,57.54,2024-09-18 00:00:00,wholesale
O001404,C0165,SKU0053,44,23.9,2025-10-27 00:00:00,retail
O000444,C0131,SKU0056,13,32.67,2025-08-23 00:00:00,retail
O000151,C0068,SKU0059,13,20.71,2025-07-06 00:00:00,export
O001301,C0036,SKU0018,32,76.79,2025-11-21 00:00:00,export
O000095,C0077,SKU0055,27,42.86,2025-12-02 00:00:00,wholesale
O001346,C0041,SKU0049,12,16.85,2025-10-17 00:00:00,ecommerce
O000218,C0168,SKU0008,22,70.47,2025-08-03 00:00:00,wholesale
O000382,C0032,SKU0009,44,79.93,2024-12-11 00:00:00,retail
O001048,C0198,SKU0009,10,11.5,2025-05-31 00:00:00,wholesale
O000781,C0148,SKU0035,34,70.1,2025-01-19 00:00:00,wholesale
O000901,C0155,SKU0042,24,55.04,2025-05-10 00:00:00,retail
O001427,C0039,SKU0031,15,37.37,2025-12-10 00:00:00,retail
O000865,C0032,SKU0056,17,30.6,2024-03-03 00:00:00,wholesale
O000293,C0078,SKU0045,35,74.81,2024-01-07 00:00:00,ecommerce
O000713,C0196,SKU0019,8,62.08,2024-10-01 00:00:00,wholesale
O000101,C0074,SKU0017,11,14.25,2025-09-02 00:00:00,wholesale
O001050,C0015,SKU0014,38,79.26,2025-10-06 00:00:00,retail
O000784,C0197,SKU0003,36,37.14,2024-05-29 00:00:00,retail
O001198,C0114,SKU0054,41,41.96,2025-05-06 00:00:00,retail
O000490,C0094,SKU0020,27,49.85,2024-08-18 00:00:00,wholesale
O000701,C0154,SKU0057,20,68.18,2024-11-22 00:00:00,export
O001148,C0153,SKU0003,37,22.45,2024-10-31 00:00:00,ecommerce
O000751,C0073,SKU0004,40,44.63,2025-01-18 00:00:00,export
O000963,C0122,SKU0016,10,32.07,2024-01-02 00:00:00,retail
O001013,C0025,SKU0041,15,36.62,2024-08-01 00:00:00,wholesale
O000243,C0117,SKU0021,21,78.2,2024-04-27 00:00:00,retail
O000169,C0171,SKU0014,13,73.4,2024-08-20 00:00:00,export
O000074,C0118,SKU0036,7,69.97,2024-08-24 00:00:00,retail
O000560,C0177,SKU0046,24,47.4,2025-03-25 00:00:00,wholesale
O001311,C0138,SKU0001,4,41.31,2024-05-07 00:00:00,ecommerce
O001486,C0186,SKU0028,37,66.46,2024-03-16 00:00:00,ecommerce
O001273,C0017,SKU0041,15,27.62,2024-01-01 00:00:00,retail
O000119,C0152,SKU0005,30,31.58,2024-08-21 00:00:00,retail
O000521,C0120,SKU0018,14,11.1,2025-11-27 00:00:00,ecommerce
O000714,C0053,SKU0002,9,21.68,2026-01-02 00:00:00,export
O000993,C0082,SKU0056,36,,2024-02-13 00:00:00,wholesale
O000006,C0053,SKU0046,39,36.23,2025-02-22 00:00:00,wholesale
O000255,C0038,SKU0021,37,71.1,2025-01-22 00:00:00,ecommerce
O001094,C0016,SKU0031,22,44.41,2024-04-05 00:00:00,wholesale
O001039,C0059,SKU0053,15,30.83,2024-02-25 00:00:00,wholesale
O000384,C0042,SKU0032,33,8.14,2025-04-28 00:00:00,ecommerce
O001103,C0131,SKU0009,12,78.42,2024-08-20 00:00:00,wholesale
O000517,C0186,SKU0060,32,52.08,2024-06-23 00:00:00,wholesale
O000055,C0058,SKU0020,14,79.83,2025-06-22 00:00:00,retail
O000468,C0088,SKU0043,33,30.72,2024-07-06 00:00:00,retail
O000267,C0117,SKU0059,6,19.89,2024-02-26 00:00:00,ecommerce
O001034,C0185,SKU0039,3,60.14,2024-12-17 00:00:00,ecommerce
O000584,C0014,SKU0013,49,54.74,2026-01-20 00:00:00,export
O000767,C0032,SKU0049,14,28.09,2025-04-24 00:00:00,ecommerce
O000538,C0040,SKU0060,44,44.78,2024-04-24 00:00:00,ecommerce
O001432,C0170,SKU0011,2,42.16,2024-07-17 00:00:00,ecommerce
O000060,C0080,SKU0001,44,32.77,2024-04-27 00:00:00,wholesale
O001184,C0044,SKU0001,18,16.02,2026-01-15 00:00:00,retail
O000167,C0198,SKU0055,3,12.12,2024-11-24 00:00:00,ecommerce
O001257,C0188,SKU0055,26,15.98,2024-12-10 00:00:00,wholesale
O000816,C0054,SKU0036,1,75.68,2024-12-22 00:00:00,ecommerce
O000332,C0174,SKU0025,46,60.05,2025-03-25 00:00:00,ecommerce
O000248,C0043,SKU0016,21,23.21,2025-07-25 00:00:00,ecommerce
O000374,C0090,SKU0059,35,48.59,2024-10-05 00:00:00,wholesale
O001196,C0007,SKU0047,17,69.67,2024-07-02 00:00:00,retail
O000500,C0130,SKU0023,16,13.81,2025-10-19 00:00:00,ecommerce
O001199,C0196,SKU0047,19,25.61,2025-04-27 00:00:00,ecommerce
O001412,C0004,SKU0024,17,59.13,2024-08-08 00:00:00,ecommerce
O000637,C0095,SKU0050,40,73.42,2025-12-05 00:00:00,ecommerce
O000617,C0003,SKU0019,24,45.34,2025-09-21 00:00:00,retail
O001361,C0155,SKU0030,6,17.02,2024-09-06 00:00:00,wholesale
O001167,C0082,SKU0016,46,19.21,2025-10-14 00:00:00,export
O000567,C0151,SKU0006,20,65.61,2025-02-10 00:00:00,ecommerce
O000235,C0126,SKU0007,49,25.92,2025-05-10 00:00:00,ecommerce
O000627,C0012,SKU0048,23,42.82,2025-05-25 00:00:00,ecommerce
O000431,C0125,SKU0029,16,74.45,2025-04-28 00:00:00,ecommerce
O001011,C0021,SKU0045,31,41.15,2025-02-25 00:00:00,ecommerce
O001356,C0099,SKU0037,43,17.84,2024-10-27 00:00:00,wholesale
O000192,C0176,SKU0044,19,21.28,2024-05-26 00:00:00,ecommerce
O001180,C0091,SKU0005,2,10.51,2025-12-04 00:00:00,wholesale
O000436,C0155,SKU0060,40,18.0,2026-01-27 00:00:00,export
O000837,C0158,SKU0055,6,74.27,2024-08-17 00:00:00,retail
O001247,C0081,SKU0018,29,53.96,2025-12-16 00:00:00,wholesale
O001017,C0063,SKU0038,26,31.14,2024-10-29 00:00:00,export
O000185,C0159,SKU0023,18,49.15,2025-04-24 00:00:00,ecommerce
O000688,C0069,SKU0053,11,60.25,2025-07-31 00:00:00,export
O000639,C0089,SKU0024,7,53.13,2025-02-25 00:00:00,ecommerce
O000570,C0096,SKU0013,43,19.63,2024-05-04 00:00:00,ecommerce
O000934,C0057,SKU0032,5,21.45,2025-02-07 00:00:00,retail
O001170,C0097,SKU0052,42,40.74,2025-01-08 00:00:00,ecommerce
O000534,C0150,SKU0026,37,54.94,2024-12-17 00:00:00,ecommerce
O000686,C0188,SKU0042,16,55.09,2025-03-08 00:00:00,retail
O001249,C0065,SKU0023,17,24.25,2025-03-24 00:00:00,ecommerce
O000743,C0148,SKU0007,1,20.37,2024-12-04 00:00:00,export
O000197,C0078,SKU0007,19,35.46,2025-06-10 00:00:00,wholesale
O000775,C0088,SKU0059,7,66.72,2024-10-20 00:00:00,retail
O000496,C0013,SKU0018,39,79.31,2024-01-02 00:00:00,wholesale
O000592,C0164,SKU0012,10,46.89,2025-09-01 00:00:00,retail
O000937,C0121,SKU0034,9,10.15,2025-09-20 00:00:00,ecommerce
O001042,C0019,SKU0006,24,44.23,2025-12-24 00:00:00,export
O000980,C0150,SKU0007,26,54.65,2025-07-19 00:00:00,wholesale
O000381,C0064,SKU0010,36,16.63,2024-08-17 00:00:00,wholesale
O000028,C0151,SKU0030,43,45.5,2024-08-27 00:00:00,export
O000396,C0048,SKU0007,49,74.88,2024-08-04 00:00:00,wholesale
O000321,C0058,SKU0045,21,12.43,2024-07-13 00:00:00,retail
O000148,C0113,SKU0031,14,27.91,2025-08-04 00:00:00,retail
O000798,C0020,SKU0046,9,14.07,2025-12-28 00:00:00,retail
O000624,C0048,SKU0027,31,50.44,2024-04-06 00:00:00,wholesale
O000239,C0159,SKU0047,11,73.3,2024-11-13 00:00:00,export
O001010,C0107,SKU0013,40,52.5,2024-01-02 00:00:00,wholesale
O000911,C0091,SKU0052,28,27.67,2025-03-13 00:00:00,retail
O000896,C0158,SKU0060,10,59.85,2024-07-20 00:00:00,retail
O001482,C0049,SKU0021,28,49.92,2025-06-01 00:00:00,ecommerce
O000107,C0107,SKU0022,26,39.56,2025-10-04 00:00:00,export
O000351,C0194,SKU0046,43,51.79,2025-05-01 00:00:00,wholesale
O000651,C0117,SKU0050,8,35.58,2024-05-06 00:00:00,wholesale
O000390,C0104,SKU0036,5,59.33,2025-12-31 00:00:00,retail
O001005,C0022,SKU0039,44,43.56,2025-02-08 00:00:00,retail
O001118,C0125,SKU0030,16,70.22,2024-04-08 00:00:00,ecommerce
O000555,C0080,SKU0036,20,27.09,2024-12-28 00:00:00,retail
O001430,C0016,SKU0014,45,27.85,2025-01-05 00:00:00,retail
O000171,C0012,SKU0043,41,56.92,2024-04-01 00:00:00,wholesale
O001245,C0145,SKU0009,34,11.57,2025-04-27 00:00:00,retail
O000307,C0145,SKU0030,20,27.69,2024-12-04 00:00:00,ecommerce
O000416,C0161,SKU0008,8,47.39,2024-07-02 00:00:00,ecommerce
O001476,C0172,SKU0001,22,10.24,2024-06-12 00:00:00,export
O001286,C0067,SKU0026,34,27.85,2024-08-30 00:00:00,retail
O000429,C0082,SKU0030,26,70.41,2025-03-21 00:00:00,wholesale
O000187,C0171,SKU0031,47,11.84,2024-10-25 00:00:00,wholesale
O001006,C0128,SKU0032,28,69.65,2024-11-29 00:00:00,export
O000909,C0068,SKU0029,29,61.76,2024-04-12 00:00:00,ecommerce
O000270,C0175,SKU0020,20,14.36,2024-03-05 00:00:00,ecommerce
O000868,C0146,SKU0005,43,25.48,2024-05-02 00:00:00,retail
O000631,C0126,SKU0018,42,35.74,2025-08-28 00:00:00,retail
O000951,C0059,SKU0058,41,73.66,2024-10-10 00:00:00,retail
O000163,C0188,SKU0052,48,13.97,2025-06-09 00:00:00,ecommerce
O000414,C0041,SKU0040,43,66.53,2024-08-16 00:00:00,wholesale
O001336,C0003,SKU0051,33,64.65,2024-01-27 00:00:00,wholesale
O000096,C0093,SKU0018,41,64.11,2026-01-23 00:00:00,export
O000099,C0071,SKU0031,23,31.62,2024-06-01 00:00:00,retail
O001031,C0034,SKU0004,14,69.24,2024-11-11 00:00:00,export
O000877,C0010,SKU0054,38,39.1,2025-10-08 00:00:00,ecommerce
O000818,C0055,SKU0048,30,45.47,2024-07-16 00:00:00,wholesale
O000823,C0005,SKU0024,20,52.62,2024-03-09 00:00:00,retail
O000208,C0085,SKU0003,12,71.6,2025-06-19 00:00:00,ecommerce
O000975,C0084,SKU0023,9,55.41,2025-10-01 00:00:00,ecommerce
O000687,C0087,SKU0013,46,72.71,2024-07-22 00:00:00,wholesale
O000873,C0038,SKU0016,2,16.51,2025-02-03 00:00:00,ecommerce
O000246,C0105,SKU0056,7,65.3,2025-07-13 00:00:00,wholesale
O000230,C0093,SKU0060,22,69.27,2024-03-27 00:00:00,ecommerce
O000907,C0160,SKU0004,13,64.04,2025-10-31 00:00:00,ecommerce
O000009,C0084,SKU0031,38,49.08,2025-02-07 00:00:00,retail
O000897,C0193,SKU0030,30,49.9,2024-05-15 00:00:00,ecommerce
O001409,C0122,SKU0033,35,28.77,2024-12-26 00:00:00,ecommerce
O001393,C0036,SKU0030,30,68.87,2026-01-22 00:00:00,export
O001438,C0084,SKU0015,39,62.56,2025-09-21 00:00:00,wholesale
O000866,C0188,SKU0044,2,43.0,2024-07-11 00:00:00,wholesale
O001294,C0090,SKU0012,14,30.96,2025-05-27 00:00:00,wholesale
O000792,C0050,SKU0045,39,72.56,2024-05-04 00:00:00,ecommerce
O001023,C0012,SKU0043,34,29.62,2025-08-23 00:00:00,ecommerce
O000190,C0119,SKU0021,14,38.65,2024-09-15 00:00:00,ecommerce
O000261,C0045,SKU0017,22,62.09,2025-10-17 00:00:00,retail
O000145,C0188,SKU0001,24,23.6,2024-11-05 00:00:00,ecommerce
O000829,C0081,SKU0045,42,47.66,2025-11-04 00:00:00,retail
O000699,C0126,SKU0032,9,60.1,2024-09-30 00:00:00,ecommerce
O000920,C0071,SKU0039,45,61.46,2024-07-05 00:00:00,wholesale
O001401,C0017,SKU0015,44,27.35,2025-12-27 00:00:00,ecommerce
O000938,C0077,SKU0041,35,30.19,2024-11-27 00:00:00,export
O001036,C0067,SKU0028,4,24.87,2025-05-17 00:00:00,export
O001368,C0071,SKU0029,5,44.39,2024-12-20 00:00:00,ecommerce
O000891,C0102,SKU0025,-8,41.96,2024-06-26 00:00:00,export
O000595,C0088,SKU0012,44,52.43,2024-08-13 00:00:00,ecommerce
O000532,C0044,SKU0004,4,65.35,2024-02-07 00:00:00,ecommerce
O000895,C0167,SKU0023,15,19.11,2024-10-20 00:00:00,ecommerce
O001474,C0044,SKU0054,28,34.67,2024-02-15 00:00:00,ecommerce
O001152,C0100,SKU0040,-2,27.65,2024-01-18 00:00:00,retail
O000058,C0077,SKU0007,40,70.19,2024-10-10 00:00:00,ecommerce
O001058,C0155,SKU0034,30,13.08,2025-07-25 00:00:00,wholesale
O001262,C0198,SKU0056,8,74.54,2024-05-14 00:00:00,export
O000283,C0096,SKU0003,24,43.37,2025-12-27 00:00:00,retail
O000935,C0104,SKU0059,31,17.94,2024-10-26 00:00:00,retail
O000363,C0056,SKU0047,30,23.83,2025-07-13 00:00:00,export
O000244,C0093,SKU0001,21,26.36,2024-08-07 00:00:00,ecommerce
O000093,C0194,SKU0015,23,65.65,2024-11-14 00:00:00,wholesale
O001235,C0128,SKU0019,43,26.67,2025-12-21 00:00:00,ecommerce
O000338,C0196,SKU0016,8,42.27,2025-11-06 00:00:00,retail
O001014,C0090,SKU0030,24,37.64,2024-08-02 00:00:00,retail
O000948,C0068,SKU0050,18,10.94,2025-12-27 00:00:00,retail
O001110,C0058,SKU0011,25,79.03,2025-08-15 00:00:00,retail
O000191,C0193,SKU0019,26,43.07,2024-08-29 00:00:00,retail
O000040,C0065,SKU0009,5,42.09,2024-02-12 00:00:00,ecommerce
O000976,C0190,SKU0031,22,79.42,2026-01-23 00:00:00,retail
O000635,C0125,SKU0038,12,42.51,2024-07-20 00:00:00,retail
O000765,C0068,SKU0003,34,41.49,2025-12-10 00:00:00,wholesale
O000724,C0048,SKU0026,32,56.89,2024-06-10 00:00:00,retail
O001129,C0151,SKU0015,11,75.58,2025-07-19 00:00:00,wholesale
O000064,C0026,SKU0028,37,43.88,2024-04-01 00:00:00,wholesale
O000234,C0033,SKU0010,23,77.26,2024-12-01 00:00:00,ecommerce
O000677,C0033,SKU0010,12,41.09,2024-05-21 00:00:00,retail
O000106,C0076,SKU0003,29,76.49,2024-12-07 00:00:00,retail
O000754,C0008,SKU0032,14,69.52,2024-06-04 00:00:00,ecommerce
O000903,C0058,SKU0021,11,39.62,2024-02-16 00:00:00,retail
O000254,C0069,SKU0015,2,26.01,2024-02-01 00:00:00,wholesale
O000423,C0026,SKU0016,39,29.95,2024-01-02 00:00:00,wholesale
O000775,C0088,SKU0059,7,66.72,2024-10-20 00:00:00,retail
O001233,C0137,SKU0004,9,32.24,2024-08-06 00:00:00,ecommerce
O000859,C0108,SKU0046,9,12.92,2025-07-20 00:00:00,export
O000925,C0015,SKU0057,42,9.01,2024-02-26 00:00:00,retail
O000080,C0087,SKU0021,32,30.11,2024-10-22 00:00:00,wholesale
O000990,C0044,SKU0049,14,64.91,2024-02-08 00:00:00,retail
O001107,C0197,SKU0003,19,36.61,2025-09-05 00:00:00,ecommerce
O000498,C0165,SKU0004,41,78.53,2024-03-26 00:00:00,ecommerce
O001453,C0145,SKU0026,39,65.65,2025-10-05 00:00:00,ecommerce
O000088,C0079,SKU0057,34,63.13,2025-02-04 00:00:00,ecommerce
O000065,C0131,SKU0020,30,74.66,2025-01-22 00:00:00,wholesale
O001295,C0012,SKU0043,44,61.97,2025-08-04 00:00:00,export
O000606,C0079,SKU0003,48,57.45,2024-09-21 00:00:00,wholesale
O000275,C0027,SKU0014,7,32.26,2024-07-21 00:00:00,export
O001265,C0117,SKU0009,36,79.24,2025-01-20 00:00:00,ecommerce
O001354,C0191,SKU0029,42,17.93,2024-03-11 00:00:00,export
O001435,C0188,SKU0049,13,42.92,2024-07-16 00:00:00,wholesale
O000154,C0171,SKU0031,46,33.2,2025-02-15 00:00:00,export
O000614,C0055,SKU0044,13,59.26,2025-06-23 00:00:00,ecommerce
O000411,C0133,SKU0018,2,46.18,2025-04-17 00:00:00,ecommerce
O000831,C0127,SKU0053,39,12.24,2024-06-27 00:00:00,ecommerce
O000913,C0002,SKU0046,28,50.88,2025-07-23 00:00:00,export
O000518,C0193,SKU0047,30,26.99,2024-09-02 00:00:00,ecommerce
O000045,C0184,SKU0033,29,50.64,2025-01-06 00:00:00,ecommerce
O000391,C0133,SKU0019,45,41.38,2026-01-03 00:00:00,ecommerce
O000221,C0142,SKU0055,21,62.31,2025-01-27 00:00:00,export
O000141,C0196,SKU0003,21,37.93,2025-10-12 00:00:00,wholesale
O000358,C0097,SKU0016,1,38.53,2025-03-14 00:00:00,export
O000723,C0085,SKU0047,15,21.36,2024-07-04 00:00:00,ecommerce
O001158,C0099,SKU0034,22,68.8,2025-04-09 00:00:00,retail
O000262,C0162,SKU0012,13,41.45,2024-12-20 00:00:00,retail
O001303,C0196,SKU0016,13,21.06,2025-12-14 00:00:00,retail
O000899,C0160,SKU0001,13,62.74,2025-04-15 00:00:00,wholesale
O001104,C0182,SKU0032,24,39.29,2024-01-16 00:00:00,ecommerce
O000196,C0021,SKU0022,39,52.29,2025-12-07 00:00:00,export
O000116,C0043,SKU0060,49,22.32,2024-12-23 00:00:00,wholesale
O001076,C0034,SKU0038,33,47.87,2025-03-04 00:00:00,ecommerce
O001074,C0094,SKU0038,6,62.36,2024-11-03 00:00:00,wholesale
O000719,C0060,SKU0045,3,33.68,2025-12-01 00:00:00,wholesale
O001463,C0194,SKU0026,19,25.04,2025-08-15 00:00:00,retail
O001209,C0080,SKU0023,7,39.99,2025-05-15 00:00:00,wholesale
O001352,C0120,SKU0035,3,36.43,2025-09-16 00:00:00,ecommerce
O000359,C0092,SKU0023,43,27.99,2024-05-22 00:00:00,retail
O001061,C0082,SKU0047,34,56.65,2024-12-11 00:00:00,ecommerce
O001020,C0178,SKU0058,14,71.17,2024-04-08 00:00:00,ecommerce
O001001,C0069,SKU0058,39,15.72,2025-09-22 00:00:00,export
O000936,C0158,SKU0053,18,25.05,2025-02-12 00:00:00,export
O000755,C0042,SKU0016,32,9.5,2024-11-24 00:00:00,export
O000421,C0125,SKU0016,23,35.82,2024-09-21 00:00:00,ecommerce
O000150,C0006,SKU0059,30,66.74,2024-02-14 00:00:00,ecommerce
O000010,C0042,SKU0021,10,8.05,2025-04-22 00:00:00,retail
O001070,C0090,SKU0055,27,27.75,2024-10-06 00:00:00,ecommerce
O001120,C0028,SKU0039,13,56.61,2024-07-28 00:00:00,ecommerce
O001442,C0031,SKU0009,15,53.43,2024-10-20 00:00:00,wholesale
O000535,C0070,SKU0060,13,55.73,2025-10-20 00:00:00,ecommerce
O000549,C0020,SKU0002,13,62.25,2025-09-14 00:00:00,wholesale
O000299,C0183,SKU0008,28,31.38,2024-10-17 00:00:00,wholesale
O000977,C0174,SKU0060,12,24.95,2024-04-18 00:00:00,retail
O001315,C0185,SKU0005,42,50.82,2024-07-22 00:00:00,retail
O001338,C0036,SKU0024,7,50.74,2025-05-12 00:00:00,wholesale
O000123,C0106,SKU0031,30,58.01,2025-12-17 00:00:00,export
O001390,C0121,SKU0041,16,51.39,2026-01-24 00:00:00,retail
O001160,C0106,SKU0046,35,17.09,2024-12-04 00:00:00,wholesale
O001397,C0116,SKU0024,38,79.98,2025-11-30 00:00:00,ecommerce
O000710,C0036,SKU0051,20,15.62,2025-06-04 00:00:00,ecommerce
O001377,C0050,SKU0035,9,53.74,2026-01-02 00:00:00,retail
O000770,C0038,SKU0037,7,28.39,2024-08-31 00:00:00,retail
O000089,C0155,SKU0020,35,65.03,2024-12-21 00:00:00,wholesale
O001444,C0148,SKU0052,37,34.19,2024-07-25 00:00:00,wholesale
O001033,C0136,SKU0047,10,48.17,2025-07-02 00:00:00,export
O000098,C0132,SKU0048,4,65.88,2025-02-27 00:00:00,wholesale
O001489,C0020,SKU0004,15,24.12,2024-03-20 00:00:00,wholesale
O000349,C0078,SKU0056,13,54.28,2025-02-10 00:00:00,ecommerce
O000510,C0127,SKU0038,11,69.33,2024-11-24 00:00:00,ecommerce
O000212,C0084,SKU0008,38,12.38,2026-01-18 00:00:00,ecommerce
O000704,C0167,SKU0044,23,16.46,2024-03-12 00:00:00,ecommerce
O000747,C0136,SKU0046,8,55.18,2025-06-17 00:00:00,wholesale
O001046,C0015,SKU0051,12,18.18,2024-05-15 00:00:00,ecommerce
O000940,C0196,SKU0006,39,67.86,2024-04-10 00:00:00,ecommerce
O001452,C0095,SKU0001,16,46.27,2025-05-30 00:00:00,ecommerce
O001350,C0145,SKU0005,39,27.8,2025-02-14 00:00:00,export
O001395,C0173,SKU0010,16,58.04,2024-05-16 00:00:00,ecommerce
O000479,C0147,SKU0027,37,18.44,2025-10-11 00:00:00,ecommerce
O000492,C0180,SKU0023,8,34.79,2024-10-27 00:00:00,export
O000842,C0043,SKU0033,36,68.5,2026-01-20 00:00:00,wholesale
O001071,C0141,SKU0057,7,66.57,2025-07-13 00:00:00,wholesale
O000365,C0039,SKU0037,9,39.5,2024-02-15 00:00:00,wholesale
O000297,C0153,SKU0011,44,58.27,2024-10-26 00:00:00,retail
O000050,C0196,SKU0002,34,71.78,2025-07-19 00:00:00,ecommerce
O000225,C0014,SKU0010,14,65.73,2025-04-20 00:00:00,ecommerce
O001244,C0128,SKU0017,16,57.09,2026-01-17 00:00:00,wholesale
O001469,C0119,SKU0019,22,19.45,2025-09-24 00:00:00,retail
O000851,C0105,SKU0009,27,24.87,2025-12-18 00:00:00,wholesale
O000648,C0017,SKU0011,21,36.11,2025-11-01 00:00:00,wholesale
O001226,C0200,SKU0009,18,44.48,2025-08-13 00:00:00,ecommerce
O000563,C0034,SKU0032,9,69.18,2025-01-11 00:00:00,export
O000623,C0181,SKU0053,30,27.29,2024-06-29 00:00:00,ecommerce
O000336,C0167,SKU0027,35,75.36,2024-07-28 00:00:00,wholesale
O001088,C0067,SKU0047,31,56.81,2024-09-17 00:00:00,ecommerce
O000805,C0081,SKU0012,20,50.43,2025-03-21 00:00:00,export
O000605,C0069,SKU0042,11,52.77,2025-07-14 00:00:00,wholesale
O001270,C0065,SKU0021,45,74.38,2025-06-06 00:00:00,ecommerce
O000443,C0038,SKU0047,6,26.98,2024-07-22 00:00:00,ecommerce
O001422,C0195,SKU0049,-1,31.33,2025-06-25 00:00:00,wholesale
O001025,C0195,SKU0051,14,29.5,2025-01-13 00:00:00,retail
O000540,C0126,SKU0028,38,54.11,2024-02-06 00:00:00,wholesale
O000768,C0075,SKU0053,27,77.06,2024-10-27 00:00:00,ecommerce
O000763,C0029,SKU0052,4,13.09,2025-09-05 00:00:00,retail
O000869,C0196,SKU0004,37,47.01,2024-03-22 00:00:00,ecommerce
O000690,C0112,SKU0023,23,58.36,2026-01-19 00:00:00,ecommerce
O000188,C0038,SKU0022,32,61.13,2024-05-15 00:00:00,retail
O000407,C0073,SKU0001,7,21.85,2026-01-19 00:00:00,ecommerce
O001012,C0096,SKU0050,44,17.41,2026-01-26 00:00:00,ecommerce
O001173,C0067,SKU0009,29,37.41,2025-09-11 00:00:00,retail
O000752,C0199,SKU0022,14,59.7,2024-03-17 00:00:00,retail
O001051,C0007,SKU0055,17,43.53,2025-03-20 00:00:00,export
O000462,C0100,SKU0012,46,12.96,2026-01-01 00:00:00,export
O000671,C0155,SKU0008,5,36.54,2025-10-07 00:00:00,ecommerce
O000656,C0082,SKU0002,1,39.33,2024-02-08 00:00:00,wholesale
O000786,C0083,SKU0046,38,28.82,2024-10-14 00:00:00,retail
O001084,C0050,SKU0058,10,67.14,2024-11-15 00:00:00,retail
O000715,C0185,SKU0054,46,12.44,2024-07-21 00:00:00,retail
O001351,C0040,SKU0045,36,38.89,2024-12-12 00:00:00,wholesale
O000425,C0023,SKU0008,10,47.23,2024-02-16 00:00:00,export
O000044,C0116,SKU0025,4,24.44,2024-09-11 00:00:00,export
O000662,C0168,SKU0005,36,49.82,2025-05-20 00:00:00,ecommerce
O000636,C0200,SKU0060,30,65.49,2024-01-04 00:00:00,ecommerce
O000529,C0098,SKU0055,27,21.92,2024-07-07 00:00:00,ecommerce
O000988,C0178,SKU0047,47,41.06,2024-09-17 00:00:00,wholesale
O000219,C0014,SKU0018,16,62.6,2025-05-10 00:00:00,ecommerce
O000821,C0056,SKU0029,40,67.02,2024-01-07 00:00:00,retail
O000182,C0194,SKU0011,41,64.93,2024-10-30 00:00:00,ecommerce
O001460,C0147,SKU0022,28,25.13,2025-11-12 00:00:00,wholesale
O000856,C0062,SKU0008,49,45.41,2024-03-14 00:00:00,ecommerce
O000610,C0151,SKU0003,32,48.3,2024-05-06 00:00:00,export
O000486,C0011,SKU0053,12,43.53,2025-06-16 00:00:00,wholesale
O001150,C0095,SKU0006,5,42.11,2025-06-06 00:00:00,ecommerce
O001018,C0041,SKU0041,28,50.41,2024-12-15 00:00:00,retail
O001086,C0169,SKU0036,32,43.22,2025-05-08 00:00:00,ecommerce
O000082,C0127,SKU0026,18,31.21,2025-05-03 00:00:00,export
O000325,C0103,SKU0032,33,28.15,2025-02-03 00:00:00,export
O001410,C0186,SKU0002,38,20.95,2025-05-14 00:00:00,ecommerce
O001081,C0085,SKU0032,6,34.22,2025-07-06 00:00:00,ecommerce
O000020,C0024,SKU0058,42,79.13,2025-12-02 00:00:00,ecommerce
O000455,C0144,SKU0020,13,14.56,2025-08-17 00:00:00,wholesale
O001111,C0068,SKU0037,43,54.92,2025-12-17 00:00:00,retail
O000839,C0087,SKU0030,47,75.66,2025-08-11 00:00:00,ecommerce
O000759,C0146,SKU0042,40,18.79,2024-06-09 00:00:00,wholesale
O001341,C0068,SKU0034,27,61.29,2024-09-17 00:00:00,wholesale
O000035,C0089,SKU0008,22,19.05,2024-02-12 00:00:00,ecommerce
O000809,C0039,SKU0024,4,59.4,2024-12-30 00:00:00,retail
O001163,C0200,SKU0023,27,70.65,2025-10-07 00:00:00,ecommerce
O000905,C0051,SKU0051,38,62.47,2024-05-21 00:00:00,retail
O000801,C0027,SKU0034,4,50.47,2024-05-31 00:00:00,ecommerce
O000097,C0059,SKU0047,35,29.07,2025-12-31 00:00:00,ecommerce
O001108,C0114,SKU0059,38,52.86,2024-05-30 00:00:00,wholesale
O000447,C0033,SKU0054,17,14.71,2024-05-10 00:00:00,ecommerce
O000475,C0185,SKU0007,9,19.39,2025-08-25 00:00:00,ecommerce
O000367,C0023,SKU0034,13,13.86,2025-01-12 00:00:00,retail
O001465,C0076,SKU0016,34,25.49,2025-10-01 00:00:00,retail
O000761,C0154,SKU0046,39,46.21,2026-01-22 00:00:00,retail
O000919,C0079,SKU0012,40,11.76,2024-09-10 00:00:00,ecommerce
O001426,C0195,SKU0029,39,74.27,2024-02-07 00:00:00,export
O000760,C0162,SKU0019,17,21.45,2026-01-16 00:00:00,retail
O000393,C0175,SKU0010,33,10.83,2025-01-18 00:00:00,retail
O001296,C0046,SKU0043,7,17.85,2024-09-26 00:00:00,ecommerce
O000507,C0039,SKU0042,41,20.99,2024-01-23 00:00:00,ecommerce
O000435,C0066,SKU0044,8,67.66,2025-12-24 00:00:00,retail
O000649,C0143,SKU0007,32,46.09,2024-11-12 00:00:00,retail
O000943,C0156,SKU0011,34,48.85,2024-05-19 00:00:00,wholesale
O001232,C0051,SKU0040,34,13.05,2026-01-30 00:00:00,wholesale
O001344,C0031,SKU0030,15,13.31,2024-04-21 00:00:00,wholesale
O001499,C0172,SKU0033,47,69.56,2024-09-18 00:00:00,retail
O000133,C0132,SKU0013,45,48.37,2025-07-05 00:00:00,ecommerce
O001075,C0014,SKU0033,32,10.68,2025-11-12 00:00:00,ecommerce
O000973,C0169,SKU0056,17,18.89,2025-05-18 00:00:00,ecommerce
O001263,C0184,SKU0055,18,47.23,2024-04-28 00:00:00,export
O000451,C0154,SKU0040,8,51.8,2024-11-21 00:00:00,retail
O000032,C0106,SKU0010,34,44.43,2025-01-11 00:00:00,retail
O000122,C0052,SKU0051,30,51.38,2025-11-22 00:00:00,ecommerce
O001236,C0117,SKU0054,16,51.57,2024-04-27 00:00:00,wholesale
O001376,C0129,SKU0049,28,39.86,2025-07-26 00:00:00,wholesale
O001479,C0040,SKU0012,4,13.1,2024-12-19 00:00:00,retail
O001327,C0135,SKU0013,21,47.77,2025-01-23 00:00:00,retail
O001113,C0057,SKU0057,7,31.17,2025-07-26 00:00:00,export
O001350,C0145,SKU0005,39,27.8,2025-02-14 00:00:00,export
O001348,C0132,SKU0054,31,71.28,2025-09-19 00:00:00,export
O000256,C0020,SKU0017,31,30.29,2025-08-15 00:00:00,ecommerce
O000893,C0172,SKU0041,29,73.9,2025-07-07 00:00:00,ecommerce
O000360,C0092,SKU0031,8,34.41,2026-01-30 00:00:00,retail
O000052,C0100,SKU0037,42,31.76,2024-01-12 00:00:00,ecommerce
O000876,C0149,SKU0050,46,18.56,2024-08-13 00:00:00,ecommerce
O000939,C0123,SKU0020,48,72.94,2024-10-02 00:00:00,ecommerce
O000773,C0113,SKU0028,36,44.85,2025-03-11 00:00:00,wholesale
O001127,C0122,SKU0060,46,44.88,2025-11-27 00:00:00,ecommerce
O001220,C0101,SKU0028,2,52.06,2025-08-30 00:00:00,wholesale
O000680,C0081,SKU0050,33,79.69,2024-10-28 00:00:00,wholesale
O000806,C0093,SKU0060,32,46.38,2025-11-02 00:00:00,retail
O000125,C0195,SKU0001,14,19.5,2025-04-26 00:00:00,retail
O000405,C0030,SKU0011,37,36.8,2024-08-21 00:00:00,ecommerce
O000731,C0002,SKU0054,22,19.0,2025-05-07 00:00:00,export
O001312,C0013,SKU0040,34,66.66,2025-01-09 00:00:00,retail
O000832,C0080,SKU0020,45,22.51,2024-07-11 00:00:00,wholesale
O001072,C0070,SKU0050,16,19.55,2025-07-16 00:00:00,ecommerce
O000726,C0056,SKU0048,34,78.26,2024-12-23 00:00:00,ecommerce
O000588,C0157,SKU0054,31,34.6,2025-09-11 00:00:00,retail
O000608,C0049,SKU0044,23,29.24,2024-01-15 00:00:00,wholesale
O000434,C0076,SKU0007,45,46.64,2024-12-28 00:00:00,export
O000675,C0024,SKU0050,12,37.1,2025-04-17 00:00:00,export
O001288,C0026,SKU0028,27,30.22,2024-12-17 00:00:00,retail
O000361,C0173,SKU0003,6,36.15,2025-10-14 00:00:00,retail
O001100,C0044,SKU0021,29,60.55,2025-05-14 00:00:00,retail
O000467,C0188,SKU0029,10,36.51,2024-02-09 00:00:00,ecommerce
O000300,C0024,SKU0047,31,9.68,2024-02-07 00:00:00,export
O000494,C0096,SKU0033,30,23.85,2024-11-13 00:00:00,export
O000528,C0148,SKU0055,29,23.96,2024-09-09 00:00:00,wholesale
O001193,C0108,SKU0006,45,33.05,2025-04-22 00:00:00,retail
